{
    "ArrayList": [{
      "status": "success",
      "customerId": "53868232",
      "subPlanType": 1,
      "documentCode": "DNI",
      "documentTitle": "DNI",
      "customerFirstName": "CARLOS APARICIO GALLEGOS NAVARRO",
      "email": "gallegoscarlos23@hotmail.com",
      "birthdate": -705610800000,
      "msisdn": "999653006",
      "subscriptionId": "17246",
      "contactId": "13102961",
      "contactObjId": 14685301,
      "creditScore": "100",
      "inValidMsisdn": false,
      "customerTypeCode": "R",
      "customerTypeTitle": "Residencial",
      "customerSubTypeTitle": "Alto Valor",
      "subscriberContactName": "CARLOS APARICIO GALLEGOS NAVARRO",
      "documentId": "08769883",
      "successful": true
    }]
  }
  