{
  "SearchResultsCategory": {
    "startIndex": 0,
    "itemsPerPage": 8,
    "categoryId": "3196747",
    "categoryName": "Ofertas de Plan Familia",
    "itemsPerCategory": 8,
    "totalResultsInCategory": 8,
    "results": [{
      "characteristic": [{
        "name": "Nombre del Plan",
        "code": "1353511",
        "value": "Plan Elige más Ilim S/ 149.90",
        "nameCode": "NombredelPlan"
      }, {
        "name": "Precio Mensual",
        "code": "1353411",
        "value": "149.9",
        "nameCode": "PrecioMensual"
      }, {
        "name": "Internet",
        "code": "1353421",
        "value": "Ilimitado megas",
        "nameCode": "Internet"
      }, {
        "name": "Apps Ilimitadas",
        "code": "4169258",
        "value": "Funpack, MovistarPlay, Movistar Música",
        "nameCode": "AppsIlimitadas"
      }, {
        "name": "Internet Roaming",
        "code": "4169268",
        "value": "12GB",
        "nameCode": "InternetRoaming"
      }, {
        "name": "Minutos Movistar",
        "code": "1353431",
        "value": "Ilimitado Min. Movistar",
        "nameCode": "RPM"
      }, {
        "name": "Minutos por Destino",
        "code": "1353471",
        "value": "Ilimitado Min. otro operador",
        "nameCode": "MinutosporDestino"
      }, {
        "name": "SMS",
        "code": "1353451",
        "value": "Ilimitado SMS",
        "nameCode": "SMS"
      }, {
        "name": "Minutos",
        "code": "1353441",
        "value": "0",
        "nameCode": "Minutos"
      }, {
        "name": "Limite de Consumo Adicional",
        "code": "1353501",
        "value": "149.9",
        "nameCode": "LimitedeConsumoAdicional"
      }, {
        "name": "Beneficios del Plan",
        "code": "1353491",
        "value": "MiMovistar,Prix,MegasInternacionales, Whatsapp Ilimitado Internacional y puedes compartir parte de tus megas.",
        "nameCode": "BeneficiosdelPlan"
      }, {
        "name": "Llamadas Internacionales",
        "code": "1353461",
        "value": "Ilimitado Min. LDI USA CANADA",
        "nameCode": "LlamadasInternacionales"
      }, {
        "name": "Amigos y Familia (Dúos)",
        "code": "1353481",
        "value": "0",
        "nameCode": "Duos"
      }],
      "planCreditScore": 219,
      "planBOCode": "2191663",
      "planSalesChannel": "DLV, DLC, DLS, SS",
      "sharedPlan": "NO",
      "oneTimePrice": {
        "originalAmount": 0.00,
        "finalAmount": 0.00,
        "maxAmount": 15.00,
        "minAmount": 1.00
      },
      "businessType": "PLAN",
      "catalogItemID": "2191663",
      "lob": ["WS"],
      "planType": "POST",
      "attachments": [{
        "attachmentLocation": "http://www.movistar.com.pe/documents/80379/3600633/ico_planes_horiz.png/e9f4626d-f99c-411a-b847-fc10d973e4ed?t=1454692755938",
        "purpose": "MA",
        "type": "SMALLPIC"
      }, {
        "attachmentLocation": "http://www.movistar.com.pe/documents/80379/3600633/ico_planes_horiz.png/e9f4626d-f99c-411a-b847-fc10d973e4ed?t=1454692755938",
        "purpose": "MA",
        "type": "LVPIC"
      }, {
        "attachmentLocation": "http://www.cms.movistar.com.pe/documents/80379/5035939/Consulta+de+detalle+de+Plan/0d94e7e7-603a-4dc6-b8df-9a0db70412d8",
        "purpose": "MA",
        "type": "ADD"
      }],
      "containingOfferings": [{
        "offeringId": "2008733",
        "offeringToProductIds": ["2008763"],
        "productSpecIds": ["7111"]
      }],
      "parentCatalogItemID": "5021",
      "parentCatalogItemName": "Plan",
      "catalogItemName": "Plan Elige más Ilim S/ 149.90",
      "recurringPrice": {
        "originalAmount": 0.00,
        "frequency": "MONTH",
        "finalAmount": 0.00,
        "maxAmount": 149.90,
        "minAmount": 149.90
      },
      "compatibleWithDevice": "NA",
      "catalogItemDescription": "Plan Elige más Ilim S/ 149.90",
      "topRecommended": false,
      "catalogItemImage": "http://www.movistar.com.pe/documents/80379/3600633/ico_planes_horiz.png/e9f4626d-f99c-411a-b847-fc10d973e4ed?t=1454692755938",
      "planRankX9": "149",
      "trafficTypeX9": "Plan",
      "catalogItemDisplayName": "Plan Elige más Ilim S/ 149.90",
      "numOfSubscribers": "1",
      "minNumOfSubscribers": "1",
      "currency": "PEN",
      "type": "PRICE_SCHEMA"
    }, {
      "characteristic": [{
        "name": "Nombre del Plan",
        "code": "1353511",
        "value": "Plan Elige más Ilim S/ 149.90",
        "nameCode": "NombredelPlan"
      }, {
        "name": "Precio Mensual",
        "code": "1353411",
        "value": "149.9",
        "nameCode": "PrecioMensual"
      }, {
        "name": "Internet",
        "code": "1353421",
        "value": "Ilimitado megas",
        "nameCode": "Internet"
      }, {
        "name": "Apps Ilimitadas",
        "code": "4169258",
        "value": "Funpack, MovistarPlay, Movistar Música",
        "nameCode": "AppsIlimitadas"
      }, {
        "name": "Internet Roaming",
        "code": "4169268",
        "value": "12GB",
        "nameCode": "InternetRoaming"
      }, {
        "name": "Minutos Movistar",
        "code": "1353431",
        "value": "Ilimitado Min. Movistar",
        "nameCode": "RPM"
      }, {
        "name": "Minutos por Destino",
        "code": "1353471",
        "value": "Ilimitado Min. otro operador",
        "nameCode": "MinutosporDestino"
      }, {
        "name": "SMS",
        "code": "1353451",
        "value": "Ilimitado SMS",
        "nameCode": "SMS"
      }, {
        "name": "Minutos",
        "code": "1353441",
        "value": "0",
        "nameCode": "Minutos"
      }, {
        "name": "Limite de Consumo Adicional",
        "code": "1353501",
        "value": "149.9",
        "nameCode": "LimitedeConsumoAdicional"
      }, {
        "name": "Beneficios del Plan",
        "code": "1353491",
        "value": "MiMovistar,Prix,MegasInternacionales, Whatsapp Ilimitado Internacional y puedes compartir parte de tus megas.",
        "nameCode": "BeneficiosdelPlan"
      }, {
        "name": "Llamadas Internacionales",
        "code": "1353461",
        "value": "Ilimitado Min. LDI USA CANADA",
        "nameCode": "LlamadasInternacionales"
      }, {
        "name": "Amigos y Familia (Dúos)",
        "code": "1353481",
        "value": "0",
        "nameCode": "Duos"
      }],
      "planCreditScore": 219,
      "planBOCode": "2191663",
      "planSalesChannel": "DLV, DLC, DLS, SS",
      "sharedPlan": "NO",
      "oneTimePrice": {
        "originalAmount": 0.00,
        "finalAmount": 0.00,
        "maxAmount": 15.00,
        "minAmount": 1.00
      },
      "businessType": "PLAN",
      "catalogItemID": "2191663",
      "lob": ["WS"],
      "planType": "POST",
      "attachments": [{
        "attachmentLocation": "http://www.movistar.com.pe/documents/80379/3600633/ico_planes_horiz.png/e9f4626d-f99c-411a-b847-fc10d973e4ed?t=1454692755938",
        "purpose": "MA",
        "type": "SMALLPIC"
      }, {
        "attachmentLocation": "http://www.movistar.com.pe/documents/80379/3600633/ico_planes_horiz.png/e9f4626d-f99c-411a-b847-fc10d973e4ed?t=1454692755938",
        "purpose": "MA",
        "type": "LVPIC"
      }, {
        "attachmentLocation": "http://www.cms.movistar.com.pe/documents/80379/5035939/Consulta+de+detalle+de+Plan/0d94e7e7-603a-4dc6-b8df-9a0db70412d8",
        "purpose": "MA",
        "type": "ADD"
      }],
      "containingOfferings": [{
        "offeringId": "3232618",
        "offeringToProductIds": ["3232608"],
        "productSpecIds": ["7111"]
      }],
      "parentCatalogItemID": "5021",
      "parentCatalogItemName": "Plan",
      "catalogItemName": "Plan Elige más Ilim S/ 149.90",
      "recurringPrice": {
        "originalAmount": 0.00,
        "frequency": "MONTH",
        "finalAmount": 0.00,
        "maxAmount": 149.90,
        "minAmount": 149.90
      },
      "compatibleWithDevice": "NA",
      "catalogItemDescription": "Plan Elige más Ilim S/ 149.90",
      "topRecommended": false,
      "catalogItemImage": "http://www.movistar.com.pe/documents/80379/3600633/ico_planes_horiz.png/e9f4626d-f99c-411a-b847-fc10d973e4ed?t=1454692755938",
      "planRankX9": "149",
      "trafficTypeX9": "Plan",
      "catalogItemDisplayName": "Plan Elige más Ilim S/ 149.90",
      "numOfSubscribers": "1",
      "minNumOfSubscribers": "1",
      "currency": "PEN",
      "type": "PRICE_SCHEMA"
    }, {
      "characteristic": [{
        "name": "Nombre del Plan",
        "code": "1353511",
        "value": "Plan Elige más S/ 119.90",
        "nameCode": "NombredelPlan"
      }, {
        "name": "Precio Mensual",
        "code": "1353411",
        "value": "S/ 119.90",
        "nameCode": "PrecioMensual"
      }, {
        "name": "Internet",
        "code": "1353421",
        "value": "22GB + Funpack Ilimitado + Movistarplay Ilimitado + Movistar Música + 6GB de Roaming + Whatsapp Ilimitado en roaming",
        "nameCode": "Internet"
      }, {
        "name": "Minutos Movistar",
        "code": "1353431",
        "value": "RPM ilimitado",
        "nameCode": "RPM"
      }, {
        "name": "Minutos por Destino",
        "code": "1353471",
        "value": "Ilimitado Min TD",
        "nameCode": "MinutosporDestino"
      }, {
        "name": "SMS",
        "code": "1353451",
        "value": "Ilimitado SMS",
        "nameCode": "SMS"
      }, {
        "name": "Minutos",
        "code": "1353441",
        "value": "0",
        "nameCode": "Minutos"
      }, {
        "name": "Limite de Consumo Adicional",
        "code": "1353501",
        "value": "S/ 0",
        "nameCode": "LimitedeConsumoAdicional"
      }, {
        "name": "Beneficios del Plan",
        "code": "1353491",
        "value": "FunPack, Movistar Fútbol, Movistar Música, Movistar Prix",
        "nameCode": "BeneficiosdelPlan"
      }, {
        "name": "Llamadas Internacionales",
        "code": "1353461",
        "value": "0",
        "nameCode": "LlamadasInternacionales"
      }, {
        "name": "Amigos y Familia (Dúos)",
        "code": "1353481",
        "value": "0",
        "nameCode": "Duos"
      }],
      "planCreditScore": 189,
      "planBOCode": "2010383",
      "planSalesChannel": "DLV, DLC, DLS, SS",
      "sharedPlan": "NO",
      "oneTimePrice": {
        "originalAmount": 0.00,
        "finalAmount": 0.00,
        "maxAmount": 15.00,
        "minAmount": 1.00
      },
      "businessType": "PLAN",
      "catalogItemID": "2010383",
      "lob": ["WS"],
      "planType": "POST",
      "attachments": [{
        "attachmentLocation": "http://www.movistar.com.pe/documents/80379/3600633/ico_planes_horiz.png/e9f4626d-f99c-411a-b847-fc10d973e4ed?t=1454692755938",
        "purpose": "MA",
        "type": "SMALLPIC"
      }, {
        "attachmentLocation": "http://www.movistar.com.pe/documents/80379/3600633/ico_planes_horiz.png/e9f4626d-f99c-411a-b847-fc10d973e4ed?t=1454692755938",
        "purpose": "MA",
        "type": "LVPIC"
      }, {
        "attachmentLocation": "http://www.cms.movistar.com.pe/documents/80379/5035939/Consulta+de+detalle+de+Plan/0d94e7e7-603a-4dc6-b8df-9a0db70412d8",
        "purpose": "MA",
        "type": "ADD"
      }, {
        "attachmentLocation": "http://www.movistar.com.pe/",
        "purpose": "MA",
        "type": "LVTXT"
      }],
      "containingOfferings": [{
        "offeringId": "2008733",
        "offeringToProductIds": ["2008763"],
        "productSpecIds": ["7111"]
      }],
      "parentCatalogItemID": "5021",
      "parentCatalogItemName": "Plan",
      "catalogItemName": "Plan Elige más S/ 119.90",
      "recurringPrice": {
        "originalAmount": 0.00,
        "frequency": "MONTH",
        "finalAmount": 0.00,
        "maxAmount": 119.90,
        "minAmount": 119.90
      },
      "compatibleWithDevice": "NA",
      "catalogItemDescription": "Plan Elige más S/ 119.90",
      "topRecommended": false,
      "catalogItemImage": "http://www.movistar.com.pe/documents/80379/3600633/ico_planes_horiz.png/e9f4626d-f99c-411a-b847-fc10d973e4ed?t=1454692755938",
      "planRankX9": "119",
      "trafficTypeX9": "Plan",
      "catalogItemDisplayName": "Plan Elige más S/ 119.90",
      "numOfSubscribers": "1",
      "minNumOfSubscribers": "1",
      "currency": "PEN",
      "type": "PRICE_SCHEMA"
    }, {
      "characteristic": [{
        "name": "Nombre del Plan",
        "code": "1353511",
        "value": "Plan Elige más S/ 119.90",
        "nameCode": "NombredelPlan"
      }, {
        "name": "Precio Mensual",
        "code": "1353411",
        "value": "S/ 119.90",
        "nameCode": "PrecioMensual"
      }, {
        "name": "Internet",
        "code": "1353421",
        "value": "22GB + Funpack Ilimitado + Movistarplay Ilimitado + Movistar Música + 6GB de Roaming + Whatsapp Ilimitado en roaming",
        "nameCode": "Internet"
      }, {
        "name": "Minutos Movistar",
        "code": "1353431",
        "value": "RPM ilimitado",
        "nameCode": "RPM"
      }, {
        "name": "Minutos por Destino",
        "code": "1353471",
        "value": "Ilimitado Min TD",
        "nameCode": "MinutosporDestino"
      }, {
        "name": "SMS",
        "code": "1353451",
        "value": "Ilimitado SMS",
        "nameCode": "SMS"
      }, {
        "name": "Minutos",
        "code": "1353441",
        "value": "0",
        "nameCode": "Minutos"
      }, {
        "name": "Limite de Consumo Adicional",
        "code": "1353501",
        "value": "S/ 0",
        "nameCode": "LimitedeConsumoAdicional"
      }, {
        "name": "Beneficios del Plan",
        "code": "1353491",
        "value": "FunPack, Movistar Fútbol, Movistar Música, Movistar Prix",
        "nameCode": "BeneficiosdelPlan"
      }, {
        "name": "Llamadas Internacionales",
        "code": "1353461",
        "value": "0",
        "nameCode": "LlamadasInternacionales"
      }, {
        "name": "Amigos y Familia (Dúos)",
        "code": "1353481",
        "value": "0",
        "nameCode": "Duos"
      }],
      "planCreditScore": 189,
      "planBOCode": "2010383",
      "planSalesChannel": "DLV, DLC, DLS, SS",
      "sharedPlan": "NO",
      "oneTimePrice": {
        "originalAmount": 0.00,
        "finalAmount": 0.00,
        "maxAmount": 15.00,
        "minAmount": 1.00
      },
      "businessType": "PLAN",
      "catalogItemID": "2010383",
      "lob": ["WS"],
      "planType": "POST",
      "attachments": [{
        "attachmentLocation": "http://www.movistar.com.pe/documents/80379/3600633/ico_planes_horiz.png/e9f4626d-f99c-411a-b847-fc10d973e4ed?t=1454692755938",
        "purpose": "MA",
        "type": "SMALLPIC"
      }, {
        "attachmentLocation": "http://www.movistar.com.pe/documents/80379/3600633/ico_planes_horiz.png/e9f4626d-f99c-411a-b847-fc10d973e4ed?t=1454692755938",
        "purpose": "MA",
        "type": "LVPIC"
      }, {
        "attachmentLocation": "http://www.cms.movistar.com.pe/documents/80379/5035939/Consulta+de+detalle+de+Plan/0d94e7e7-603a-4dc6-b8df-9a0db70412d8",
        "purpose": "MA",
        "type": "ADD"
      }, {
        "attachmentLocation": "http://www.movistar.com.pe/",
        "purpose": "MA",
        "type": "LVTXT"
      }],
      "containingOfferings": [{
        "offeringId": "3232618",
        "offeringToProductIds": ["3232608"],
        "productSpecIds": ["7111"]
      }],
      "parentCatalogItemID": "5021",
      "parentCatalogItemName": "Plan",
      "catalogItemName": "Plan Elige más S/ 119.90",
      "recurringPrice": {
        "originalAmount": 0.00,
        "frequency": "MONTH",
        "finalAmount": 0.00,
        "maxAmount": 119.90,
        "minAmount": 119.90
      },
      "compatibleWithDevice": "NA",
      "catalogItemDescription": "Plan Elige más S/ 119.90",
      "topRecommended": false,
      "catalogItemImage": "http://www.movistar.com.pe/documents/80379/3600633/ico_planes_horiz.png/e9f4626d-f99c-411a-b847-fc10d973e4ed?t=1454692755938",
      "planRankX9": "119",
      "trafficTypeX9": "Plan",
      "catalogItemDisplayName": "Plan Elige más S/ 119.90",
      "numOfSubscribers": "1",
      "minNumOfSubscribers": "1",
      "currency": "PEN",
      "type": "PRICE_SCHEMA"
    }, {
      "characteristic": [{
        "name": "Nombre del Plan",
        "code": "1353511",
        "value": "Plan Elige más S/ 139.90",
        "nameCode": "NombredelPlan"
      }, {
        "name": "Precio Mensual",
        "code": "1353411",
        "value": "S/ 139.90",
        "nameCode": "PrecioMensual"
      }, {
        "name": "Internet",
        "code": "1353421",
        "value": "30GB + Funpack Ilimitado + Movistarplay Ilimitado + Movistar Música + 6GB de Roaming + Whatsapp Ilimitado en roaming",
        "nameCode": "Internet"
      }, {
        "name": "Minutos Movistar",
        "code": "1353431",
        "value": "RPM Ilimitado",
        "nameCode": "RPM"
      }, {
        "name": "Minutos por Destino",
        "code": "1353471",
        "value": "Ilimitado Min TD",
        "nameCode": "MinutosporDestino"
      }, {
        "name": "SMS",
        "code": "1353451",
        "value": "SMS Ilimitado",
        "nameCode": "SMS"
      }, {
        "name": "Minutos",
        "code": "1353441",
        "nameCode": "Minutos"
      }, {
        "name": "Limite de Consumo Adicional",
        "code": "1353501",
        "value": "S/ 139.90",
        "nameCode": "LimitedeConsumoAdicional"
      }, {
        "name": "Beneficios del Plan",
        "code": "1353491",
        "value": "FunPack, Movistar Fútbol, Movistar Música, Movistar Prix",
        "nameCode": "BeneficiosdelPlan"
      }, {
        "name": "Llamadas Internacionales",
        "code": "1353461",
        "value": "0",
        "nameCode": "LlamadasInternacionales"
      }, {
        "name": "Amigos y Familia (Dúos)",
        "code": "1353481",
        "value": "0",
        "nameCode": "Duos"
      }],
      "planCreditScore": 209,
      "planBOCode": "2010393",
      "planSalesChannel": "DLV, DLC, DLS, SS",
      "sharedPlan": "NO",
      "oneTimePrice": {
        "originalAmount": 0.00,
        "finalAmount": 0.00,
        "maxAmount": 15.00,
        "minAmount": 1.00
      },
      "businessType": "PLAN",
      "catalogItemID": "2010393",
      "lob": ["WS"],
      "planType": "POST",
      "attachments": [{
        "attachmentLocation": "http://www.movistar.com.pe/documents/80379/3600633/ico_planes_horiz.png/e9f4626d-f99c-411a-b847-fc10d973e4ed?t=1454692755938",
        "purpose": "MA",
        "type": "SMALLPIC"
      }, {
        "attachmentLocation": "http://www.movistar.com.pe/documents/80379/3600633/ico_planes_horiz.png/e9f4626d-f99c-411a-b847-fc10d973e4ed?t=1454692755938",
        "purpose": "MA",
        "type": "LVPIC"
      }, {
        "attachmentLocation": "http://www.cms.movistar.com.pe/documents/80379/5035939/Consulta+de+detalle+de+Plan/0d94e7e7-603a-4dc6-b8df-9a0db70412d8",
        "purpose": "MA",
        "type": "ADD"
      }, {
        "attachmentLocation": "http://www.movistar.com.pe/",
        "purpose": "MA",
        "type": "LVTXT"
      }],
      "containingOfferings": [{
        "offeringId": "2008733",
        "offeringToProductIds": ["2008763"],
        "productSpecIds": ["7111"]
      }],
      "parentCatalogItemID": "5021",
      "parentCatalogItemName": "Plan",
      "catalogItemName": "Plan Elige más S/ 139.90",
      "recurringPrice": {
        "originalAmount": 0.00,
        "frequency": "MONTH",
        "finalAmount": 0.00,
        "maxAmount": 139.90,
        "minAmount": 139.90
      },
      "compatibleWithDevice": "NA",
      "catalogItemDescription": "Plan Elige más S/ 139.90",
      "topRecommended": false,
      "catalogItemImage": "http://www.movistar.com.pe/documents/80379/3600633/ico_planes_horiz.png/e9f4626d-f99c-411a-b847-fc10d973e4ed?t=1454692755938",
      "planRankX9": "139",
      "trafficTypeX9": "Plan",
      "catalogItemDisplayName": "Plan Elige más S/ 139.90",
      "numOfSubscribers": "1",
      "minNumOfSubscribers": "1",
      "currency": "PEN",
      "type": "PRICE_SCHEMA"
    }, {
      "characteristic": [{
        "name": "Nombre del Plan",
        "code": "1353511",
        "value": "Plan Elige más S/ 139.90",
        "nameCode": "NombredelPlan"
      }, {
        "name": "Precio Mensual",
        "code": "1353411",
        "value": "S/ 139.90",
        "nameCode": "PrecioMensual"
      }, {
        "name": "Internet",
        "code": "1353421",
        "value": "30GB + Funpack Ilimitado + Movistarplay Ilimitado + Movistar Música + 6GB de Roaming + Whatsapp Ilimitado en roaming",
        "nameCode": "Internet"
      }, {
        "name": "Minutos Movistar",
        "code": "1353431",
        "value": "RPM Ilimitado",
        "nameCode": "RPM"
      }, {
        "name": "Minutos por Destino",
        "code": "1353471",
        "value": "Ilimitado Min TD",
        "nameCode": "MinutosporDestino"
      }, {
        "name": "SMS",
        "code": "1353451",
        "value": "SMS Ilimitado",
        "nameCode": "SMS"
      }, {
        "name": "Minutos",
        "code": "1353441",
        "nameCode": "Minutos"
      }, {
        "name": "Limite de Consumo Adicional",
        "code": "1353501",
        "value": "S/ 139.90",
        "nameCode": "LimitedeConsumoAdicional"
      }, {
        "name": "Beneficios del Plan",
        "code": "1353491",
        "value": "FunPack, Movistar Fútbol, Movistar Música, Movistar Prix",
        "nameCode": "BeneficiosdelPlan"
      }, {
        "name": "Llamadas Internacionales",
        "code": "1353461",
        "value": "0",
        "nameCode": "LlamadasInternacionales"
      }, {
        "name": "Amigos y Familia (Dúos)",
        "code": "1353481",
        "value": "0",
        "nameCode": "Duos"
      }],
      "planCreditScore": 209,
      "planBOCode": "2010393",
      "planSalesChannel": "DLV, DLC, DLS, SS",
      "sharedPlan": "NO",
      "oneTimePrice": {
        "originalAmount": 0.00,
        "finalAmount": 0.00,
        "maxAmount": 15.00,
        "minAmount": 1.00
      },
      "businessType": "PLAN",
      "catalogItemID": "2010393",
      "lob": ["WS"],
      "planType": "POST",
      "attachments": [{
        "attachmentLocation": "http://www.movistar.com.pe/documents/80379/3600633/ico_planes_horiz.png/e9f4626d-f99c-411a-b847-fc10d973e4ed?t=1454692755938",
        "purpose": "MA",
        "type": "SMALLPIC"
      }, {
        "attachmentLocation": "http://www.movistar.com.pe/documents/80379/3600633/ico_planes_horiz.png/e9f4626d-f99c-411a-b847-fc10d973e4ed?t=1454692755938",
        "purpose": "MA",
        "type": "LVPIC"
      }, {
        "attachmentLocation": "http://www.cms.movistar.com.pe/documents/80379/5035939/Consulta+de+detalle+de+Plan/0d94e7e7-603a-4dc6-b8df-9a0db70412d8",
        "purpose": "MA",
        "type": "ADD"
      }, {
        "attachmentLocation": "http://www.movistar.com.pe/",
        "purpose": "MA",
        "type": "LVTXT"
      }],
      "containingOfferings": [{
        "offeringId": "3232618",
        "offeringToProductIds": ["3232608"],
        "productSpecIds": ["7111"]
      }],
      "parentCatalogItemID": "5021",
      "parentCatalogItemName": "Plan",
      "catalogItemName": "Plan Elige más S/ 139.90",
      "recurringPrice": {
        "originalAmount": 0.00,
        "frequency": "MONTH",
        "finalAmount": 0.00,
        "maxAmount": 139.90,
        "minAmount": 139.90
      },
      "compatibleWithDevice": "NA",
      "catalogItemDescription": "Plan Elige más S/ 139.90",
      "topRecommended": false,
      "catalogItemImage": "http://www.movistar.com.pe/documents/80379/3600633/ico_planes_horiz.png/e9f4626d-f99c-411a-b847-fc10d973e4ed?t=1454692755938",
      "planRankX9": "139",
      "trafficTypeX9": "Plan",
      "catalogItemDisplayName": "Plan Elige más S/ 139.90",
      "numOfSubscribers": "1",
      "minNumOfSubscribers": "1",
      "currency": "PEN",
      "type": "PRICE_SCHEMA"
    }, {
      "characteristic": [{
        "name": "Nombre del Plan",
        "code": "1353511",
        "value": "Plan Elige más S/ 99.90",
        "nameCode": "NombredelPlan"
      }, {
        "name": "Precio Mensual",
        "code": "1353411",
        "value": "S/ 99.90",
        "nameCode": "PrecioMensual"
      }, {
        "name": "Internet",
        "code": "1353421",
        "value": "16GB + Funpack Ilimitado + Movistarplay Ilimitado + Movistar Música + 6GB de Roaming + Whatsapp Ilimitado en roaming",
        "nameCode": "Internet"
      }, {
        "name": "Minutos Movistar",
        "code": "1353431",
        "value": "RPM Ilimitado",
        "nameCode": "RPM"
      }, {
        "name": "Minutos por Destino",
        "code": "1353471",
        "value": "Ilimitado Min TD",
        "nameCode": "MinutosporDestino"
      }, {
        "name": "SMS",
        "code": "1353451",
        "value": "SMS Ilimitado",
        "nameCode": "SMS"
      }, {
        "name": "Minutos",
        "code": "1353441",
        "value": "0",
        "nameCode": "Minutos"
      }, {
        "name": "Limite de Consumo Adicional",
        "code": "1353501",
        "value": "S/ 99.90",
        "nameCode": "LimitedeConsumoAdicional"
      }, {
        "name": "Beneficios del Plan",
        "code": "1353491",
        "value": "FunPack, Movistar Fútbol, Movistar Música, Movistar Prix",
        "nameCode": "BeneficiosdelPlan"
      }, {
        "name": "Llamadas Internacionales",
        "code": "1353461",
        "value": "0",
        "nameCode": "LlamadasInternacionales"
      }, {
        "name": "Amigos y Familia (Dúos)",
        "code": "1353481",
        "value": "0",
        "nameCode": "Duos"
      }],
      "planCreditScore": 169,
      "planBOCode": "2010503",
      "planSalesChannel": "DLV, DLC, DLS, SS",
      "sharedPlan": "NO",
      "oneTimePrice": {
        "originalAmount": 0.00,
        "finalAmount": 0.00,
        "maxAmount": 15.00,
        "minAmount": 1.00
      },
      "businessType": "PLAN",
      "catalogItemID": "2010503",
      "lob": ["WS"],
      "planType": "POST",
      "attachments": [{
        "attachmentLocation": "http://www.movistar.com.pe/documents/80379/3600633/ico_planes_horiz.png/e9f4626d-f99c-411a-b847-fc10d973e4ed?t=1454692755938",
        "purpose": "MA",
        "type": "SMALLPIC"
      }, {
        "attachmentLocation": "http://www.movistar.com.pe/documents/80379/3600633/ico_planes_horiz.png/e9f4626d-f99c-411a-b847-fc10d973e4ed?t=1454692755938",
        "purpose": "MA",
        "type": "LVPIC"
      }, {
        "attachmentLocation": "http://www.cms.movistar.com.pe/documents/80379/5035939/Consulta+de+detalle+de+Plan/0d94e7e7-603a-4dc6-b8df-9a0db70412d8",
        "purpose": "MA",
        "type": "ADD"
      }, {
        "attachmentLocation": "http://www.movistar.com.pe/",
        "purpose": "MA",
        "type": "LVTXT"
      }],
      "containingOfferings": [{
        "offeringId": "2008733",
        "offeringToProductIds": ["2008763"],
        "productSpecIds": ["7111"]
      }],
      "parentCatalogItemID": "5021",
      "parentCatalogItemName": "Plan",
      "catalogItemName": "Plan Elige más S/ 99.90",
      "recurringPrice": {
        "originalAmount": 0.00,
        "frequency": "MONTH",
        "finalAmount": 0.00,
        "maxAmount": 99.90,
        "minAmount": 99.90
      },
      "compatibleWithDevice": "NA",
      "catalogItemDescription": "Plan Elige más S/ 99.90",
      "topRecommended": false,
      "catalogItemImage": "http://www.movistar.com.pe/documents/80379/3600633/ico_planes_horiz.png/e9f4626d-f99c-411a-b847-fc10d973e4ed?t=1454692755938",
      "planRankX9": "99",
      "trafficTypeX9": "Plan",
      "catalogItemDisplayName": "Plan Elige más S/ 99.90",
      "numOfSubscribers": "1",
      "minNumOfSubscribers": "1",
      "currency": "PEN",
      "type": "PRICE_SCHEMA"
    }, {
      "characteristic": [{
        "name": "Nombre del Plan",
        "code": "1353511",
        "value": "Plan Elige más S/ 99.90",
        "nameCode": "NombredelPlan"
      }, {
        "name": "Precio Mensual",
        "code": "1353411",
        "value": "S/ 99.90",
        "nameCode": "PrecioMensual"
      }, {
        "name": "Internet",
        "code": "1353421",
        "value": "16GB + Funpack Ilimitado + Movistarplay Ilimitado + Movistar Música + 6GB de Roaming + Whatsapp Ilimitado en roaming",
        "nameCode": "Internet"
      }, {
        "name": "Minutos Movistar",
        "code": "1353431",
        "value": "RPM Ilimitado",
        "nameCode": "RPM"
      }, {
        "name": "Minutos por Destino",
        "code": "1353471",
        "value": "Ilimitado Min TD",
        "nameCode": "MinutosporDestino"
      }, {
        "name": "SMS",
        "code": "1353451",
        "value": "SMS Ilimitado",
        "nameCode": "SMS"
      }, {
        "name": "Minutos",
        "code": "1353441",
        "value": "0",
        "nameCode": "Minutos"
      }, {
        "name": "Limite de Consumo Adicional",
        "code": "1353501",
        "value": "S/ 99.90",
        "nameCode": "LimitedeConsumoAdicional"
      }, {
        "name": "Beneficios del Plan",
        "code": "1353491",
        "value": "FunPack, Movistar Fútbol, Movistar Música, Movistar Prix",
        "nameCode": "BeneficiosdelPlan"
      }, {
        "name": "Llamadas Internacionales",
        "code": "1353461",
        "value": "0",
        "nameCode": "LlamadasInternacionales"
      }, {
        "name": "Amigos y Familia (Dúos)",
        "code": "1353481",
        "value": "0",
        "nameCode": "Duos"
      }],
      "planCreditScore": 169,
      "planBOCode": "2010503",
      "planSalesChannel": "DLV, DLC, DLS, SS",
      "sharedPlan": "NO",
      "oneTimePrice": {
        "originalAmount": 0.00,
        "finalAmount": 0.00,
        "maxAmount": 15.00,
        "minAmount": 1.00
      },
      "businessType": "PLAN",
      "catalogItemID": "2010503",
      "lob": ["WS"],
      "planType": "POST",
      "attachments": [{
        "attachmentLocation": "http://www.movistar.com.pe/documents/80379/3600633/ico_planes_horiz.png/e9f4626d-f99c-411a-b847-fc10d973e4ed?t=1454692755938",
        "purpose": "MA",
        "type": "SMALLPIC"
      }, {
        "attachmentLocation": "http://www.movistar.com.pe/documents/80379/3600633/ico_planes_horiz.png/e9f4626d-f99c-411a-b847-fc10d973e4ed?t=1454692755938",
        "purpose": "MA",
        "type": "LVPIC"
      }, {
        "attachmentLocation": "http://www.cms.movistar.com.pe/documents/80379/5035939/Consulta+de+detalle+de+Plan/0d94e7e7-603a-4dc6-b8df-9a0db70412d8",
        "purpose": "MA",
        "type": "ADD"
      }, {
        "attachmentLocation": "http://www.movistar.com.pe/",
        "purpose": "MA",
        "type": "LVTXT"
      }],
      "containingOfferings": [{
        "offeringId": "3232618",
        "offeringToProductIds": ["3232608"],
        "productSpecIds": ["7111"]
      }],
      "parentCatalogItemID": "5021",
      "parentCatalogItemName": "Plan",
      "catalogItemName": "Plan Elige más S/ 99.90",
      "recurringPrice": {
        "originalAmount": 0.00,
        "frequency": "MONTH",
        "finalAmount": 0.00,
        "maxAmount": 99.90,
        "minAmount": 99.90
      },
      "compatibleWithDevice": "NA",
      "catalogItemDescription": "Plan Elige más S/ 99.90",
      "topRecommended": false,
      "catalogItemImage": "http://www.movistar.com.pe/documents/80379/3600633/ico_planes_horiz.png/e9f4626d-f99c-411a-b847-fc10d973e4ed?t=1454692755938",
      "planRankX9": "99",
      "trafficTypeX9": "Plan",
      "catalogItemDisplayName": "Plan Elige más S/ 99.90",
      "numOfSubscribers": "1",
      "minNumOfSubscribers": "1",
      "currency": "PEN",
      "type": "PRICE_SCHEMA"
    }]
  }
}
