{
  "Products": {
    "products": [
      {
        "bundle": false,
        "serviceId": "920955409",
        "paymentCategory": "POSTPAID",
        "subscriptionId": 1107124,
        "lob": "WS",
        "offeringId": "1731176",
        "nameX9": "Móvil",
        "familyRoleX9" : "P",
        "shared": false,
        "spoName": "Abierto Vuela Inteligente",
        "spoDescription": "Abierto Vuela Inteligente",
        "offeringInstanceId": "711057009",
        "offeringName": "Abierto Vuela Inteligente",
        "offeringDescription": "Abierto Vuela Inteligente",
        "plan": {
          "displayName": "Plan Vuela 4G Inteligente S/ 119 II",
          "catalogItemID": "1892455",
          "displayDescription": "Plan Vuela 4G Inteligente S/ 119 II",
          "catalogItemName": "Plan Vuela 4G Inteligente S/ 119 II",
          "catalogItemDescription": "Plan Vuela 4G Inteligente S/ 119 II",
          "id": "711694175"
        },
        "address": {},
        "id": "711694141",
        "status": "ACTIVE"
      },
      {
        "bundle": false,
        "serviceId": "920955408",
        "paymentCategory": "POSTPAID",
        "subscriptionId": 1107124,
        "lob": "WS",
        "offeringId": "1731176",
        "nameX9": "Móvil",
        "familyRoleX9" : "C",
        "shared": false,
        "spoName": "Abierto Vuela Inteligente",
        "spoDescription": "Abierto Vuela Inteligente",
        "offeringInstanceId": "711057009",
        "offeringName": "Abierto Vuela Inteligente",
        "offeringDescription": "Abierto Vuela Inteligente",
        "plan": {
          "displayName": "Plan Vuela 4G Inteligente S/ 119 II",
          "catalogItemID": "1892455",
          "displayDescription": "Plan Vuela 4G Inteligente S/ 119 II",
          "catalogItemName": "Plan Vuela 4G Inteligente S/ 119 II",
          "catalogItemDescription": "Plan Vuela 4G Inteligente S/ 119 II",
          "id": "711694175"
        },
        "address": {},
        "id": "711694141",
        "status": "ACTIVE"
      },
      {
        "bundle": false,
        "serviceId": "999070902",
        "paymentCategory": "POSTPAID",
        "subscriptionId": 1107124,
        "lob": "WS",
        "offeringId": "1731176",
        "nameX9": "Móvil",
		"familyRoleX9" : "C",
        "shared": false,
        "spoName": "Abierto Vuela Inteligente",
        "spoDescription": "Abierto Vuela Inteligente",
        "offeringInstanceId": "711057009",
        "offeringName": "Abierto Vuela Inteligente",
        "offeringDescription": "Abierto Vuela Inteligente",
        "plan": {
          "displayName": "Plan Vuela 4G Inteligente S/ 119 II",
          "catalogItemID": "1892455",
          "displayDescription": "Plan Vuela 4G Inteligente S/ 119 II",
          "catalogItemName": "Plan Vuela 4G Inteligente S/ 119 II",
          "catalogItemDescription": "Plan Vuela 4G Inteligente S/ 119 II",
          "id": "711694175"
        },
        "address": {},
        "id": "711694141",
        "status": "ACTIVE"
      },
      {
        "bundle": false,
        "serviceId": "999070903",
        "paymentCategory": "POSTPAID",
        "subscriptionId": 1107124,
        "lob": "WS",
        "offeringId": "1731176",
        "nameX9": "Móvil",
        "shared": false,
        "spoName": "Abierto Vuela Inteligente",
        "spoDescription": "Abierto Vuela Inteligente",
        "offeringInstanceId": "711057009",
        "offeringName": "Abierto Vuela Inteligente",
        "offeringDescription": "Abierto Vuela Inteligente",
        "plan": {
          "displayName": "Plan Vuela 4G Inteligente S/ 119 II",
          "catalogItemID": "1892455",
          "displayDescription": "Plan Vuela 4G Inteligente S/ 119 II",
          "catalogItemName": "Plan Vuela 4G Inteligente S/ 119 II",
          "catalogItemDescription": "Plan Vuela 4G Inteligente S/ 119 II",
          "id": "711694175"
        },
        "address": {},
        "id": "711694141",
        "status": "ACTIVE"
      },
      {
        "bundle": false,
        "serviceId": "999070904",
        "paymentCategory": "POSTPAID",
        "subscriptionId": 1107124,
        "lob": "WS",
        "offeringId": "1731176",
        "nameX9": "Móvil",
        "familyRoleX9" : "C",
        "shared": false,
        "spoName": "Abierto Vuela Inteligente",
        "spoDescription": "Abierto Vuela Inteligente",
        "offeringInstanceId": "711057009",
        "offeringName": "Abierto Vuela Inteligente",
        "offeringDescription": "Abierto Vuela Inteligente",
        "plan": {
          "displayName": "Plan Vuela 4G Inteligente S/ 119 II",
          "catalogItemID": "1892455",
          "displayDescription": "Plan Vuela 4G Inteligente S/ 119 II",
          "catalogItemName": "Plan Vuela 4G Inteligente S/ 119 II",
          "catalogItemDescription": "Plan Vuela 4G Inteligente S/ 119 II",
          "id": "711694175"
        },
        "address": {},
        "id": "711694141",
        "status": "ACTIVE"
      }
    ]
  }
}