{
  "ImplRetrieveAvailablePromotionsResponse": {
    "campaigns": [
      {
        "marketingCampaign": {
          "id": "TEST_DRIVE_INV_E",
          "name": "Test Drive Invitation",
          "priority": "0",
          "mcType": "PAQ",
          "automaticOrderIndicator": false,
          "campaignImg": "../../../src/assets/images/test-drive/invite-campaign.png",
          "campaignSubType": "0",
          "campaignResultCode": "0",
          "campaignReasonCode": "0",
          "campaignSubReasonCode": "0",
          "ctiId": "0",
          "callId": "0",
          "interactionId": "0",
          "user": "0",
          "feedbackDate": 1446575400000,
          "responseTrackingCd": "0"
        },
        "channel": {
          "salesChannelID": "0"
        },
        "subscriber": {
          "subscriberId": 0
        },
        "offerIdentification": {
          "instanceId": "1717321",
          "productOfferingPrice": 1.00,
          "salesChannel": {},
          "dataList": {
            "dataType": [
              {}
            ],
            "dataTypeLength": 1
          }
        },
        "dataList": {
          "dataType": [
            {}
          ],
          "dataTypeLength": 1
        },
        "productOfferingList": {
          "productOffering": [
            {
              "instanceId": "1717321",
              "offerDescription": "",
              "productOfferingPrice": 0.00,
              "salesChannel": {
                "salesChannelID": "0"
              },
              "dataList": {
                "dataType": [
                  {
                    "code": "0",
                    "detail": "0"
                  }
                ],
                "dataTypeLength": 1
              }
            },
            {
              "instanceId": "1",
              "offerDescription": "1",
              "productOfferingPrice": 1.00,
              "salesChannel": {
                "salesChannelID": "1"
              },
              "dataList": {
                "dataType": [
                  {
                    "code": "bolton",
                    "detail": "22"
                  }
                ],
                "dataTypeLength": 1
              }
            }
          ],
          "productOfferingLength": 2
        }
      },
      {
        "marketingCampaign": {
          "id": "TEST_DRIVE_INV_E",
          "name": "Test Drive Change",
          "priority": "0",
          "mcType": "MIG",
          "automaticOrderIndicator": false,
          "campaignImg": "../../../src/assets/images/test-drive/change-plan-campaign.png",
          "campaignSubType": "0",
          "campaignResultCode": "0",
          "campaignReasonCode": "0",
          "campaignSubReasonCode": "0",
          "ctiId": "0",
          "callId": "0",
          "interactionId": "0",
          "user": "0",
          "feedbackDate": 1446575400000,
          "responseTrackingCd": "0"
        },
        "channel": {
          "salesChannelID": "0"
        },
        "subscriber": {
          "subscriberId": 0
        },
        "offerIdentification": {
          "instanceId": "1717321",
          "productOfferingPrice": 1.00,
          "salesChannel": {},
          "dataList": {
            "dataType": [
              {}
            ],
            "dataTypeLength": 1
          }
        },
        "dataList": {
          "dataType": [
            {}
          ],
          "dataTypeLength": 1
        },
        "productOfferingList": {
          "productOffering": [
            {
              "instanceId": "1731896",
              "offerDescription": "Descripción de campaña Sed ut perspiciatis unde omnis iste natus error sit voluptatem accusantium doloremque laudantium, totam rem aperiam, eaque ipsa quae ab illo inventore veritatis et quasi architecto beatae vitae dicta sunt explicabo. S/ 1,000",
              "productOfferingPrice": 0.00,
              "salesChannel": {
                "salesChannelID": "0"
              },
              "dataList": {
                "dataType": [
                  {
                    "code": "MBCONSTESTDRIVE",
                    "detail": "1666"
                  }
                ],
                "dataTypeLength": 1
              }
            },
            {
              "instanceId": "1",
              "offerDescription": "1",
              "productOfferingPrice": 1.00,
              "salesChannel": {
                "salesChannelID": "1"
              },
              "dataList": {
                "dataType": [
                  {
                    "code": "bolton",
                    "detail": "22"
                  }
                ],
                "dataTypeLength": 1
              }
            }
          ],
          "productOfferingLength": 2
        }
      },
      {
        "marketingCampaign": {
          "id": "TEST_DRIVE_INV_E",
          "name": "Test Drive Over",
          "priority": "1",
          "mcType": "NO",
          "automaticOrderIndicator": false,
          "campaignImg": "../../../src/assets/images/test-drive/no-campaign.png",
          "campaignSubType": "0",
          "campaignResultCode": "0",
          "campaignReasonCode": "0",
          "campaignSubReasonCode": "0",
          "ctiId": "0",
          "callId": "0",
          "interactionId": "0",
          "user": "0",
          "feedbackDate": 1446575400000,
          "responseTrackingCd": "0"
        },
        "channel": {
          "salesChannelID": "0"
        },
        "subscriber": {
          "subscriberId": 0
        },
        "offerIdentification": {
          "instanceId": "1717321",
          "productOfferingPrice": 1.00,
          "salesChannel": {},
          "dataList": {
            "dataType": [
              {}
            ],
            "dataTypeLength": 1
          }
        },
        "dataList": {
          "dataType": [
            {}
          ],
          "dataTypeLength": 1
        },
        "productOfferingList": {
          "productOffering": [
            {
              "instanceId": "1717321",
              "offerDescription": "Descripción de campaña Sed ut perspiciatis unde omnis iste natus error sit voluptatem accusantium doloremque laudantium, totam rem aperiam, eaque ipsa quae ab illo inventore veritatis et quasi architecto beatae vitae dicta sunt explicabo. S/ 1,000",
              "productOfferingPrice": 0.00,
              "salesChannel": {
                "salesChannelID": "0"
              },
              "dataList": {
                "dataType": [
                  {
                    "code": "0",
                    "detail": "0"
                  }
                ],
                "dataTypeLength": 1
              }
            },
            {
              "instanceId": "1",
              "offerDescription": "1",
              "productOfferingPrice": 1.00,
              "salesChannel": {
                "salesChannelID": "1"
              },
              "dataList": {
                "dataType": [
                  {
                    "code": "bolton",
                    "detail": "22"
                  }
                ],
                "dataTypeLength": 1
              }
            }
          ],
          "productOfferingLength": 2
        }
      },
      {
        "marketingCampaign": {
          "id": "2",
          "name": "",
          "priority": "2",
          "mcType": "PAQ",
          "automaticOrderIndicator": false,
          "campaignImg": "http://cms.movistar.com.pe/documents/80379/4085402/banner_mkt_02.jpg",
          "campaignSubType": "0",
          "campaignResultCode": "0",
          "campaignReasonCode": "0",
          "campaignSubReasonCode": "0",
          "ctiId": "0",
          "callId": "0",
          "interactionId": "0",
          "user": "0",
          "feedbackDate": 1446575400000,
          "responseTrackingCd": "0"
        },
        "channel": {
          "salesChannelID": "0"
        },
        "subscriber": {
          "subscriberId": 0
        },
        "offerIdentification": {
          "instanceId": "1717321",
          "productOfferingPrice": 1.00,
          "salesChannel": {},
          "dataList": {
            "dataType": [
              {}
            ],
            "dataTypeLength": 1
          }
        },
        "dataList": {
          "dataType": [
            {}
          ],
          "dataTypeLength": 1
        },
        "productOfferingList": {
          "productOffering": [
            {
              "instanceId": "1717321",
              "offerDescription": "",
              "productOfferingPrice": 0.00,
              "salesChannel": {
                "salesChannelID": "0"
              },
              "dataList": {
                "dataType": [
                  {
                    "code": "0",
                    "detail": "0"
                  }
                ],
                "dataTypeLength": 1
              }
            },
            {
              "instanceId": "1",
              "offerDescription": "1",
              "productOfferingPrice": 1.00,
              "salesChannel": {
                "salesChannelID": "1"
              },
              "dataList": {
                "dataType": [
                  {
                    "code": "bolton",
                    "detail": "22"
                  }
                ],
                "dataTypeLength": 1
              }
            }
          ],
          "productOfferingLength": 2
        }
      },
      {
        "marketingCampaign": {
          "id": "4",
          "name": "Nombre de campaña para Cambio de Plan",
          "priority": "2",
          "mcType": "PAQ",
          "automaticOrderIndicator": false,
          "campaignImg": "http://lorempixel.com/375/226/abstract/",
          "campaignSubType": "0",
          "campaignResultCode": "0",
          "campaignReasonCode": "0",
          "campaignSubReasonCode": "0",
          "ctiId": "0",
          "callId": "0",
          "interactionId": "0",
          "user": "0",
          "feedbackDate": 1446575400000,
          "responseTrackingCd": "0"
        },
        "channel": {
          "salesChannelID": "0"
        },
        "subscriber": {
          "subscriberId": 0
        },
        "offerIdentification": {
          "instanceId": "1717321",
          "productOfferingPrice": 1.00,
          "salesChannel": {},
          "dataList": {
            "dataType": [
              {}
            ],
            "dataTypeLength": 1
          }
        },
        "dataList": {
          "dataType": [
            {}
          ],
          "dataTypeLength": 1
        },
        "productOfferingList": {
          "productOffering": [
            {
              "instanceId": "1717321",
              "offerDescription": "Descripción de campaña Sed ut perspiciatis unde omnis iste natus error sit voluptatem accusantium doloremque laudantium, totam rem aperiam, eaque ipsa quae ab illo inventore veritatis et quasi architecto beatae vitae dicta sunt explicabo. S/ 1,000",
              "productOfferingPrice": 0.00,
              "salesChannel": {
                "salesChannelID": "0"
              },
              "dataList": {
                "dataType": [
                  {
                    "code": "0",
                    "detail": "0"
                  }
                ],
                "dataTypeLength": 1
              }
            },
            {
              "instanceId": "1",
              "offerDescription": "1",
              "productOfferingPrice": 1.00,
              "salesChannel": {
                "salesChannelID": "1"
              },
              "dataList": {
                "dataType": [
                  {
                    "code": "bolton",
                    "detail": "22"
                  }
                ],
                "dataTypeLength": 1
              }
            }
          ],
          "productOfferingLength": 2
        }
      },
      {
        "marketingCampaign": {
          "id": "5",
          "name": "Nombre de campaña para Cambio de Equipo a S/ 1,000",
          "priority": "3",
          "mcType": "PAQ",
          "automaticOrderIndicator": false,
          "campaignImg": "http://lorempixel.com/375/226/abstract/",
          "campaignSubType": "0",
          "campaignResultCode": "0",
          "campaignReasonCode": "0",
          "campaignSubReasonCode": "0",
          "ctiId": "0",
          "callId": "0",
          "interactionId": "0",
          "user": "0",
          "feedbackDate": 1446575400000,
          "responseTrackingCd": "0"
        },
        "channel": {
          "salesChannelID": "0"
        },
        "subscriber": {
          "subscriberId": 0
        },
        "offerIdentification": {
          "instanceId": "1717321",
          "productOfferingPrice": 1.00,
          "salesChannel": {},
          "dataList": {
            "dataType": [
              {}
            ],
            "dataTypeLength": 1
          }
        },
        "dataList": {
          "dataType": [
            {}
          ],
          "dataTypeLength": 1
        },
        "productOfferingList": {
          "productOffering": [
            {
              "instanceId": "1717321",
              "offerDescription": "Descripción de campaña Sed ut perspiciatis unde omnis iste natus error sit voluptatem accusantium doloremque laudantium, totam rem aperiam, eaque ipsa quae ab illo inventore veritatis et quasi architecto beatae vitae dicta sunt explicabo. S/ 1,000",
              "productOfferingPrice": 0.00,
              "salesChannel": {
                "salesChannelID": "0"
              },
              "dataList": {
                "dataType": [
                  {
                    "code": "0",
                    "detail": "0"
                  }
                ],
                "dataTypeLength": 1
              }
            },
            {
              "instanceId": "1",
              "offerDescription": "1",
              "productOfferingPrice": 1.00,
              "salesChannel": {
                "salesChannelID": "1"
              },
              "dataList": {
                "dataType": [
                  {
                    "code": "bolton",
                    "detail": "22"
                  }
                ],
                "dataTypeLength": 1
              }
            }
          ],
          "productOfferingLength": 2
        }
      },
      {
        "marketingCampaign": {
          "id": "6",
          "name": "",
          "priority": "0",
          "mcType": "PAQ",
          "automaticOrderIndicator": false,
          "campaignImg": "http://cms.movistar.com.pe/documents/80379/4085402/banner_mkt_02.jpg",
          "campaignSubType": "0",
          "campaignResultCode": "0",
          "campaignReasonCode": "0",
          "campaignSubReasonCode": "0",
          "ctiId": "0",
          "callId": "0",
          "interactionId": "0",
          "user": "0",
          "feedbackDate": 1446575400000,
          "responseTrackingCd": "0"
        },
        "channel": {
          "salesChannelID": "0"
        },
        "subscriber": {
          "subscriberId": 0
        },
        "offerIdentification": {
          "instanceId": "1717321",
          "productOfferingPrice": 1.00,
          "salesChannel": {},
          "dataList": {
            "dataType": [
              {}
            ],
            "dataTypeLength": 1
          }
        },
        "dataList": {
          "dataType": [
            {}
          ],
          "dataTypeLength": 1
        },
        "productOfferingList": {
          "productOffering": [
            {
              "instanceId": "1717321",
              "offerDescription": "",
              "productOfferingPrice": 0.00,
              "salesChannel": {
                "salesChannelID": "0"
              },
              "dataList": {
                "dataType": [
                  {
                    "code": "0",
                    "detail": "0"
                  }
                ],
                "dataTypeLength": 1
              }
            },
            {
              "instanceId": "1",
              "offerDescription": "1",
              "productOfferingPrice": 1.00,
              "salesChannel": {
                "salesChannelID": "1"
              },
              "dataList": {
                "dataType": [
                  {
                    "code": "bolton",
                    "detail": "22"
                  }
                ],
                "dataTypeLength": 1
              }
            }
          ],
          "productOfferingLength": 2
        }
      },
      {
        "marketingCampaign": {
          "id": "7",
          "name": "Nombre de campaña para Cambio de Plan",
          "priority": "1",
          "mcType": "PAQ",
          "automaticOrderIndicator": false,
          "campaignImg": "http://lorempixel.com/375/226/abstract/",
          "campaignSubType": "0",
          "campaignResultCode": "0",
          "campaignReasonCode": "0",
          "campaignSubReasonCode": "0",
          "ctiId": "0",
          "callId": "0",
          "interactionId": "0",
          "user": "0",
          "feedbackDate": 1446575400000,
          "responseTrackingCd": "0"
        },
        "channel": {
          "salesChannelID": "0"
        },
        "subscriber": {
          "subscriberId": 0
        },
        "offerIdentification": {
          "instanceId": "1717321",
          "productOfferingPrice": 1.00,
          "salesChannel": {},
          "dataList": {
            "dataType": [
              {}
            ],
            "dataTypeLength": 1
          }
        },
        "dataList": {
          "dataType": [
            {}
          ],
          "dataTypeLength": 1
        },
        "productOfferingList": {
          "productOffering": [
            {
              "instanceId": "1717321",
              "offerDescription": "Descripción de campaña Sed ut perspiciatis unde omnis iste natus error sit voluptatem accusantium doloremque laudantium, totam rem aperiam, eaque ipsa quae ab illo inventore veritatis et quasi architecto beatae vitae dicta sunt explicabo. S/ 1,000",
              "productOfferingPrice": 0.00,
              "salesChannel": {
                "salesChannelID": "0"
              },
              "dataList": {
                "dataType": [
                  {
                    "code": "0",
                    "detail": "0"
                  }
                ],
                "dataTypeLength": 1
              }
            },
            {
              "instanceId": "1",
              "offerDescription": "1",
              "productOfferingPrice": 1.00,
              "salesChannel": {
                "salesChannelID": "1"
              },
              "dataList": {
                "dataType": [
                  {
                    "code": "bolton",
                    "detail": "22"
                  }
                ],
                "dataTypeLength": 1
              }
            }
          ],
          "productOfferingLength": 2
        }
      },
      {
        "marketingCampaign": {
          "id": "8",
          "name": "Nombre de campaña para Cambio de Equipo a S/ 1,000",
          "priority": "2",
          "mcType": "PAQ",
          "automaticOrderIndicator": false,
          "campaignImg": "http://lorempixel.com/375/226/abstract/",
          "campaignSubType": "0",
          "campaignResultCode": "0",
          "campaignReasonCode": "0",
          "campaignSubReasonCode": "0",
          "ctiId": "0",
          "callId": "0",
          "interactionId": "0",
          "user": "0",
          "feedbackDate": 1446575400000,
          "responseTrackingCd": "0"
        },
        "channel": {
          "salesChannelID": "0"
        },
        "subscriber": {
          "subscriberId": 0
        },
        "offerIdentification": {
          "instanceId": "1717321",
          "productOfferingPrice": 1.00,
          "salesChannel": {},
          "dataList": {
            "dataType": [
              {}
            ],
            "dataTypeLength": 1
          }
        },
        "dataList": {
          "dataType": [
            {}
          ],
          "dataTypeLength": 1
        },
        "productOfferingList": {
          "productOffering": [
            {
              "instanceId": "1717321",
              "offerDescription": "Descripción de campaña Sed ut perspiciatis unde omnis iste natus error sit voluptatem accusantium doloremque laudantium, totam rem aperiam, eaque ipsa quae ab illo inventore veritatis et quasi architecto beatae vitae dicta sunt explicabo. S/ 1,000",
              "productOfferingPrice": 0.00,
              "salesChannel": {
                "salesChannelID": "0"
              },
              "dataList": {
                "dataType": [
                  {
                    "code": "0",
                    "detail": "0"
                  }
                ],
                "dataTypeLength": 1
              }
            },
            {
              "instanceId": "1",
              "offerDescription": "1",
              "productOfferingPrice": 1.00,
              "salesChannel": {
                "salesChannelID": "1"
              },
              "dataList": {
                "dataType": [
                  {
                    "code": "bolton",
                    "detail": "22"
                  }
                ],
                "dataTypeLength": 1
              }
            }
          ],
          "productOfferingLength": 2
        }
      }
    ],
    "status": {
      "code": "0"
    }
  }
}
