{
    "ImplRetrieveInvoiceListRestOutput": {
      "status": "success",
      "statusCode": 0,
      "implInvoiceLists": [
        {
          "invoiceId": 11,
          "taxAmount": 2.7,
          "amount": 15.0,
          "dueDate": 1463423400000,
          "currency": "PEN",
          "invoiceType": "EQP",
          "billingInvoiceNumber": "BIAZ-00000002",
          "docType": "BO"
        },
        {
          "invoiceId": 6469,
          "taxAmount": 18.31,
          "amount": 101.7,
          "dueDate": 1465756200000,
          "currency": "PEN",
          "invoiceType": "BILL",
          "billingInvoiceNumber": "A0000000023",
          "docType": "A"
        },
        {
          "invoiceId": 7502,
          "taxAmount": 0.0,
          "amount": 11.0,
          "dueDate": 1464028200000,
          "currency": "PEN",
          "invoiceType": "BILL",
          "billingInvoiceNumber": "AR7502",
          "docType": "F"
        },
        {
          "invoiceId": 8603,
          "taxAmount": 72.0,
          "amount": 400.0,
          "dueDate": 1464028200000,
          "currency": "PEN",
          "invoiceType": "BILL",
          "billingInvoiceNumber": "BIBB-00000001",
          "docType": "DN"
        },
        {
          "invoiceId": 8604,
          "taxAmount": 252.0,
          "amount": 1400.0,
          "dueDate": 1464028200000,
          "currency": "PEN",
          "invoiceType": "BILL",
          "billingInvoiceNumber": "BIBB-00000002",
          "docType": "DN"
        },
        {
          "invoiceId": 8605,
          "taxAmount": 216.0,
          "amount": 1200.0,
          "dueDate": 1464028200000,
          "currency": "PEN",
          "invoiceType": "BILL",
          "billingInvoiceNumber": "DIAZ-00000001",
          "docType": "DN"
        }
      ],
      "totalCount": -1061109568,
      "moreRows": -16192,
      "rowCount": -1061109568,
      "resultsCount": -1061109568,
      "successful": true
    }
  }
  