{
  "ArrayList": [
    {
      "code": "Copia Expediente de Reclamo",
      "deCode": "Copia Expediente de Reclamo",
      "communicationMethod": "EMAIL",
      "typesDescription": "Detalle el problema",
      "caseType1": "Solution Requirements",
      "caseType2": "Copia Expediente de Reclamo",
      "caseType3": "Copia Expediente de Reclamo"
    },
    {
      "code": "Request for a contract",
      "deCode": "Solicitud de Contrato",
      "communicationMethod": "EMAIL",
      "typesDescription": "Detalle el problema",
      "caseType1": "Customer Support Request (SOAP)",
      "caseType2": "Solicitudes en back",
      "caseType3": "Solicitud de contratos",
      "implFlexibleAttData": [
        {
          "labelDeCode": "Número de teléfono",
          "labelCode": "tmplt35_numero_suscripcion",
          "attributeType": "String",
          "mandatory": false
        }
      ]
    }
  ]
}
