{
  "PayMeans": {
    "card": [
      {
        "imprintedName": "dummy",
        "validityMonth": "1",
        "validityYear": "2017",
        "lastFourDigits": "9586",
        "cvvX9": "1111",
        "ccNumberX9": "Version%3A%201.0.0-201602232111%0A%0A-----BEGIN%20PGP%20MESSAGE-----%0AVersion%3A%20BCPG%20v1.50%0A%0AhQEMA3YYO8d2zepgAQgAhNkmNC5p2BXn%2Fgn1bKAMB3ZvMnIm7khmtz203CQJ1E8C%0AlH2lgtIwJ85Jj11hXMNNbhozdafppcvpBr5vANEw7ly7vhSnsBUfgGvlQqq%2ByKM1%0AIa4n0BcRPMDAE7qsBPl3o5DVuOgvZWDHXvxggP6wV%2FxOKwsEPZaTFFRHUody7Dzm%0AdqHEpFS6ozLXpYufBTkfn17UFDM3umtgNQa6oXuc7QhOA2yglX3ZKJB%2FTWBLjSxI%0AK7kmUh%2FEIxbwavzfclv18I4Li5l%2Bz7aEysuLLn1%2BqQUtXGjgNNv%2FT1Ww16TMPB6I%0AQzRZB0fyoiUxRgEAacY8dOxDpoRHjGgMw0FN%2BfX%2B%2F9JJAf%2FIoo7jRr0UmBVWiF1I%0AQ8WZnS0dtKevMmugZJjSKlg4PetwCn8RnNq3dfL3BVsoWwILVoDUR%2Fm3ex9TCV5K%0AKitwJ1nM7o2REg%3D%3D%0A%3D5EOO%0A-----END%20PGP%20MESSAGE-----",
        "brand": "Tarjeta Mastercard",
        "id": "703"
      },
      {
        "imprintedName": "dummy",
        "validityMonth": "1",
        "validityYear": "2017",
        "lastFourDigits": "0028",
        "cvvX9": "1111",
        "ccNumberX9": "Version%3A%201.0.0-201602232111%0A%0A-----BEGIN%20PGP%20MESSAGE-----%0AVersion%3A%20BCPG%20v1.50%0A%0AhQEMA3YYO8d2zepgAQf9HJzqWfdtNp40lEmK1RfEbGGqo4kyvUFLPxSeW8oQMSBp%0AjX%2Bj6sngUHuY9EMMg9wN5R74xVg3xC8pDeVpDZSJGIP4ZZ%2B%2F0jZn90YeKhBRuXTr%0A4u7FiMdWYNml2cgrhvImN%2FA2ZLRnYnzjFMP3onB9MxDmgb0DdsqCSOUsqdZuTCrW%0ArSP%2FZlMnjqN9u2lWuj0%2FkPR0GFPOFH1mcoYNQnbYjEYG5sucVeRVo5F74wZCDPyX%0AnR6KGx69zwUsh%2BWh3BvHkB2xTSRG40cY53bI7Ar5wJi16xAwzheERpXhoD9i261E%0A%2FzOdWueyfHR5VWM%2BBMZvkbvuWgCJ5cdyHBL%2Bt2gtk9JJAepnOuIaF5TtG3kCSEfy%0AZcEifix9BdjJkkCww9KZeocIvZ7tT9xkVDHt6fQxus%2BSUlz0tMoEKIEWXUQXB9Nx%0AI3KUj9r30CZZeg%3D%3D%0A%3DyPhE%0A-----END%20PGP%20MESSAGE-----",
        "brand": "Visa",
        "id": "603"
      },
      {
        "imprintedName": "dummy",
        "validityMonth": "1",
        "validityYear": "2017",
        "lastFourDigits": "0028",
        "cvvX9": "1111",
        "ccNumberX9": "Version%3A%201.0.0-201602232111%0A%0A-----BEGIN%20PGP%20MESSAGE-----%0AVersion%3A%20BCPG%20v1.50%0A%0AhQEMA3YYO8d2zepgAQgAnGaFUPsSaP%2BrVkKiOSc%2BhENCldy3HZFd65CBNWnq2tQf%0A2dnUAwT%2BgKm5TVcCJhLBy7RIVuhYGVGhFA%2BY2EfNJSIBg5Xmqp4JuB8XSNHoC6Gu%0AG1%2BXN3iAD%2FFWKxzwXQD03BF4RxYm2zjLXOCiAQB50Zu8xYKa3GDvEou8AKrh3gvk%0AK1wtuI0LAcpjSBNutt6jlMWWaKzB7yfVu7YsW%2BxIJrUGxB59GzesE3IrrX2E6n9r%0ApcnzhhOZoSL8seNRtwYzsKEPi%2BnK%2Bk8RRQzqA80742CnWVYJ30Ft4iRaTPBch0ac%0AWcwxZkrdSqyat75A9%2B9e7KdWCYklODljZ%2BFc7fLBttJJAbWFAoQ7t11vxln9zR9N%0AiDp4IyWfxtMkpRMS%2F1ZttetS7Q01n1hFGFdh4WUWSXEpiIjJyPCGgLG1KRD72ghh%0AKOSmZgFmpM2LkA%3D%3D%0A%3DSPbB%0A-----END%20PGP%20MESSAGE-----",
        "brand": "Visa",
        "id": "1103"
      },
      {
        "imprintedName": "dummy",
        "validityMonth": "1",
        "validityYear": "2017",
        "lastFourDigits": "0006",
        "cvvX9": "1111",
        "ccNumberX9": "Version%3A%201.0.0-201602232111%0A%0A-----BEGIN%20PGP%20MESSAGE-----%0AVersion%3A%20BCPG%20v1.50%0A%0AhQEMA3YYO8d2zepgAQgAoLxeQAxOQNGydf5Dzws4gBNmkmactQCvJDIht%2FgE9OMJ%0AenGbAj%2F8NI%2BKW%2BaDSqQPfXuky3pqvU0vj3SOhpXj13GkzjEEkhPaAIG2yGWzQBCs%0AuvunsVd8ALnnx%2Bq1YgKVvxco0l4aVfk1hiNK4WZjHjgUyb2K%2Be3JPUcNM7NSoC9W%0A1qMbbCQtf%2BPnBbqLda5Cx85CusL0CZTs%2BNAM6c26OKLGJyrTw7npbr32HPC2Pc1h%0ANUd2ygyuklmv4DDaxK%2FAPmPGNMpjjC6m9KUL9OHxwG870k5nJe772%2BM94Bd8t5A1%0A%2FWRNj7PIe39bKQar0q8C0j6JJL0hW4ibUFZVKdGJXdJJAd17cdzPPJa2EI2rm5My%0AZV8Q0sP8%2Bk94QcZKrScBMTFtx%2BU4vpeWcadsvQq8hl2IHbCoqNZl4qjfJwMfHozy%0AYlm1dfgNpnDekg%3D%3D%0A%3DK6cf%0A-----END%20PGP%20MESSAGE-----",
        "brand": "American Express",
        "id": "1304"
      }
    ]
  }
}
