{
  "SearchResultsCategory": {
    "startIndex": 0,
    "itemsPerPage": 10,
    "categoryId": "1717141",
    "totalResultsInCategory": 8,
    "results": [
      {
        "characteristic": [
          {
            "name": "Nombre del Plan",
            "code": "1353511",
            "value": "Plan Ahorro TD S/ 30 C2",
            "nameCode": "NombredelPlan"
          },
          {
            "name": "Precio Mensual",
            "code": "1353411",
            "value": "s/. 30.00",
            "nameCode": "PrecioMensual"
          },
          {
            "name": "Internet",
            "code": "1353421",
            "value": "200 MB",
            "nameCode": "Internet"
          },
          {
            "name": "RPM",
            "code": "1353431",
            "value": "200 min",
            "nameCode": "RPM"
          },
          {
            "name": "Minutos",
            "code": "1353441",
            "value": "0",
            "nameCode": "Minutos"
          },
          {
            "name": "SMS",
            "code": "1353451",
            "value": "500 SMS Loc",
            "nameCode": "SMS"
          },
          {
            "name": "Llamadas Internacionales",
            "code": "1353461",
            "value": "0",
            "nameCode": "LlamadasInternacionales"
          },
          {
            "name": "Minutos por Destino",
            "code": "1353471",
            "value": "200 min MF o 200 min MM o 200 min MO o 200 min LDI 1",
            "nameCode": "MinutosporDestino"
          },
          {
            "name": "Amigos y Familia (Dúos)",
            "code": "1353481",
            "value": "0",
            "nameCode": "Duos"
          },
          {
            "name": "Beneficios del Plan",
            "code": "1353491",
            "value": "Movistar Priority, TuGo",
            "nameCode": "BeneficiosdelPlan"
          },
          {
            "name": "Limite de Consumo Adicional",
            "code": "1353501",
            "value": "0",
            "nameCode": "LimitedeConsumoAdicional"
          }
        ],
        "businessType": "PLAN",
        "catalogItemID": "1785373",
        "lob": [
          "WS"
        ],
        "containingOfferings": [
          {
            "offeringId": "1951656",
            "offeringToProductIds": [
              "1951646"
            ],
            "productSpecIds": [
              "7111"
            ]
          }
        ],
        "parentCatalogItemID": "5021",
        "parentCatalogItemName": "Plan",
        "planType": "BOTH",
        "catalogItemName": "Plan Ahorro TD S/ 30 C2",
        "oneTimePrice": {
          "originalAmount": 0.00,
          "finalAmount": 0.00,
          "minAmount": 0.00,
          "maxAmount": 30.00
        },
        "recurringPrice": {
          "originalAmount": 0.00,
          "finalAmount": 0.00,
          "frequency": "MONTH",
          "minAmount": 30.00,
          "maxAmount": 30.00
        },
        "attachments": [
          {
            "purpose": "MA",
            "attachmentLocation": "http://www.movistar.com.pe/documents/80379/3600633/ico_planes_horiz.png/e9f4626d-f99c-411a-b847-fc10d973e4ed?t=1454692755938",
            "type": "SMALLPIC"
          },
          {
            "purpose": "MA",
            "attachmentLocation": "http://www.movistar.com.pe/documents/80379/3600633/ico_planes_horiz.png/e9f4626d-f99c-411a-b847-fc10d973e4ed?t=1454692755938",
            "type": "LVPIC"
          },
          {
            "purpose": "MA",
            "attachmentLocation": "http://www.movistar.com.pe/",
            "type": "ADD"
          },
          {
            "purpose": "MA",
            "attachmentLocation": "http://www.movistar.com.pe/",
            "type": "LVTXT"
          }
        ],
        "numOfSubscribers": "1",
        "minNumOfSubscribers": "1",
        "compatibleWithDevice": "NA",
        "topRecommended": false,
        "sharedPlan": "NO",
        "catalogItemImage": "http://www.movistar.com.pe/documents/80379/3600633/ico_planes_horiz.png/e9f4626d-f99c-411a-b847-fc10d973e4ed?t=1454692755938",
        "catalogItemDisplayName": "Plan Ahorro TD S/ 30 C2",
        "currency": "PEN",
        "type": "PRICE_SCHEMA"
      },
      {
        "characteristic": [
          {
            "name": "Nombre del Plan",
            "code": "1353511",
            "value": "Plan Ahorro TD S/ 40 C2",
            "nameCode": "NombredelPlan"
          },
          {
            "name": "Precio Mensual",
            "code": "1353411",
            "value": "s/. 40.00",
            "nameCode": "PrecioMensual"
          },
          {
            "name": "Internet",
            "code": "1353421",
            "value": "300 MB",
            "nameCode": "Internet"
          },
          {
            "name": "RPM",
            "code": "1353431",
            "value": "300 min",
            "nameCode": "RPM"
          },
          {
            "name": "Minutos",
            "code": "1353441",
            "value": "0",
            "nameCode": "Minutos"
          },
          {
            "name": "SMS",
            "code": "1353451",
            "value": "500 SMS Loc",
            "nameCode": "SMS"
          },
          {
            "name": "Llamadas Internacionales",
            "code": "1353461",
            "value": "0",
            "nameCode": "LlamadasInternacionales"
          },
          {
            "name": "Minutos por Destino",
            "code": "1353471",
            "value": "300 min MF o 300 min MM o 300 min MO o 300 min LDI 1",
            "nameCode": "MinutosporDestino"
          },
          {
            "name": "Amigos y Familia (Dúos)",
            "code": "1353481",
            "value": "0",
            "nameCode": "Duos"
          },
          {
            "name": "Beneficios del Plan",
            "code": "1353491",
            "value": "Movistar Priority, TuGo",
            "nameCode": "BeneficiosdelPlan"
          },
          {
            "name": "Limite de Consumo Adicional",
            "code": "1353501",
            "value": "0",
            "nameCode": "LimitedeConsumoAdicional"
          }
        ],
        "businessType": "PLAN",
        "catalogItemID": "1785383",
        "lob": [
          "WS"
        ],
        "containingOfferings": [
          {
            "offeringId": "1951656",
            "offeringToProductIds": [
              "1951646"
            ],
            "productSpecIds": [
              "7111"
            ]
          }
        ],
        "parentCatalogItemID": "5021",
        "parentCatalogItemName": "Plan",
        "planType": "BOTH",
        "catalogItemName": "Plan Ahorro TD S/ 40 C2",
        "oneTimePrice": {
          "originalAmount": 0.00,
          "finalAmount": 0.00,
          "minAmount": 0.00,
          "maxAmount": 30.00
        },
        "recurringPrice": {
          "originalAmount": 0.00,
          "finalAmount": 0.00,
          "frequency": "MONTH",
          "minAmount": 39.99,
          "maxAmount": 39.99
        },
        "attachments": [
          {
            "purpose": "MA",
            "attachmentLocation": "http://www.movistar.com.pe/documents/80379/3600633/ico_planes_horiz.png/e9f4626d-f99c-411a-b847-fc10d973e4ed?t=1454692755938",
            "type": "SMALLPIC"
          },
          {
            "purpose": "MA",
            "attachmentLocation": "http://www.movistar.com.pe/documents/80379/3600633/ico_planes_horiz.png/e9f4626d-f99c-411a-b847-fc10d973e4ed?t=1454692755938",
            "type": "LVPIC"
          },
          {
            "purpose": "MA",
            "attachmentLocation": "http://www.movistar.com.pe/",
            "type": "ADD"
          },
          {
            "purpose": "MA",
            "attachmentLocation": "http://www.movistar.com.pe/",
            "type": "LVTXT"
          }
        ],
        "numOfSubscribers": "1",
        "minNumOfSubscribers": "1",
        "compatibleWithDevice": "NA",
        "topRecommended": false,
        "sharedPlan": "NO",
        "catalogItemImage": "http://www.movistar.com.pe/documents/80379/3600633/ico_planes_horiz.png/e9f4626d-f99c-411a-b847-fc10d973e4ed?t=1454692755938",
        "catalogItemDisplayName": "Plan Ahorro TD S/ 40 C2",
        "currency": "PEN",
        "type": "PRICE_SCHEMA"
      },
      {
        "characteristic": [
          {
            "name": "Nombre del Plan",
            "code": "1353511",
            "value": "Plan Ahorro TD S/ 50 C",
            "nameCode": "NombredelPlan"
          },
          {
            "name": "Precio Mensual",
            "code": "1353411",
            "value": "s/. 50.00",
            "nameCode": "PrecioMensual"
          },
          {
            "name": "Internet",
            "code": "1353421",
            "value": "400 MB",
            "nameCode": "Internet"
          },
          {
            "name": "RPM",
            "code": "1353431",
            "value": "Ilimitado min",
            "nameCode": "RPM"
          },
          {
            "name": "Minutos",
            "code": "1353441",
            "value": "0",
            "nameCode": "Minutos"
          },
          {
            "name": "SMS",
            "code": "1353451",
            "value": "500 SMS Loc",
            "nameCode": "SMS"
          },
          {
            "name": "Llamadas Internacionales",
            "code": "1353461",
            "value": "0",
            "nameCode": "LlamadasInternacionales"
          },
          {
            "name": "Minutos por Destino",
            "code": "1353471",
            "value": "400 min MF o 400 min MM o 400 min MO o 400 min LDI 1",
            "nameCode": "MinutosporDestino"
          },
          {
            "name": "Amigos y Familia (Dúos)",
            "code": "1353481",
            "value": "0",
            "nameCode": "Duos"
          },
          {
            "name": "Beneficios del Plan",
            "code": "1353491",
            "value": "Movistar Priority, TuGo",
            "nameCode": "BeneficiosdelPlan"
          },
          {
            "name": "Limite de Consumo Adicional",
            "code": "1353501",
            "value": "0",
            "nameCode": "LimitedeConsumoAdicional"
          }
        ],
        "businessType": "PLAN",
        "catalogItemID": "1785393",
        "lob": [
          "WS"
        ],
        "containingOfferings": [
          {
            "offeringId": "1951656",
            "offeringToProductIds": [
              "1951646"
            ],
            "productSpecIds": [
              "7111"
            ]
          }
        ],
        "parentCatalogItemID": "5021",
        "parentCatalogItemName": "Plan",
        "planType": "BOTH",
        "catalogItemName": "Plan Ahorro TD S/ 50 C",
        "oneTimePrice": {
          "originalAmount": 0.00,
          "finalAmount": 0.00,
          "minAmount": 0.00,
          "maxAmount": 30.00
        },
        "recurringPrice": {
          "originalAmount": 0.00,
          "finalAmount": 0.00,
          "frequency": "MONTH",
          "minAmount": 50.00,
          "maxAmount": 50.00
        },
        "attachments": [
          {
            "purpose": "MA",
            "attachmentLocation": "http://www.movistar.com.pe/documents/80379/3600633/ico_planes_horiz.png/e9f4626d-f99c-411a-b847-fc10d973e4ed?t=1454692755938",
            "type": "SMALLPIC"
          },
          {
            "purpose": "MA",
            "attachmentLocation": "http://www.movistar.com.pe/documents/80379/3600633/ico_planes_horiz.png/e9f4626d-f99c-411a-b847-fc10d973e4ed?t=1454692755938",
            "type": "LVPIC"
          },
          {
            "purpose": "MA",
            "attachmentLocation": "http://www.movistar.com.pe/",
            "type": "ADD"
          },
          {
            "purpose": "MA",
            "attachmentLocation": "http://www.movistar.com.pe/",
            "type": "LVTXT"
          }
        ],
        "numOfSubscribers": "1",
        "minNumOfSubscribers": "1",
        "compatibleWithDevice": "NA",
        "topRecommended": false,
        "sharedPlan": "NO",
        "catalogItemImage": "http://www.movistar.com.pe/documents/80379/3600633/ico_planes_horiz.png/e9f4626d-f99c-411a-b847-fc10d973e4ed?t=1454692755938",
        "catalogItemDisplayName": "Plan Ahorro TD S/ 50 C",
        "currency": "PEN",
        "type": "PRICE_SCHEMA"
      },
      {
        "characteristic": [
          {
            "name": "Nombre del Plan",
            "code": "1353511",
            "value": "Plan Vuela Ahorro S/.39.90 C",
            "nameCode": "NombredelPlan"
          },
          {
            "name": "Precio Mensual",
            "code": "1353411",
            "value": "s/. 39.90",
            "nameCode": "PrecioMensual"
          },
          {
            "name": "Internet",
            "code": "1353421",
            "value": "350 MB",
            "nameCode": "Internet"
          },
          {
            "name": "RPM",
            "code": "1353431",
            "value": "100 min",
            "nameCode": "RPM"
          },
          {
            "name": "Minutos",
            "code": "1353441",
            "value": "0",
            "nameCode": "Minutos"
          },
          {
            "name": "SMS",
            "code": "1353451",
            "value": "500 SMS Loc",
            "nameCode": "SMS"
          },
          {
            "name": "Llamadas Internacionales",
            "code": "1353461",
            "value": "0",
            "nameCode": "LlamadasInternacionales"
          },
          {
            "name": "Minutos por Destino",
            "code": "1353471",
            "value": "250 min MF o 250 min MM o 250 min Otros o 250 Min LDI Región 1",
            "nameCode": "MinutosporDestino"
          },
          {
            "name": "Amigos y Familia (Dúos)",
            "code": "1353481",
            "value": "0",
            "nameCode": "Duos"
          },
          {
            "name": "Beneficios del Plan",
            "code": "1353491",
            "value": "Movistar Priority, TuGo",
            "nameCode": "BeneficiosdelPlan"
          },
          {
            "name": "Limite de Consumo Adicional",
            "code": "1353501",
            "value": "0",
            "nameCode": "LimitedeConsumoAdicional"
          }
        ],
        "businessType": "PLAN",
        "catalogItemID": "1731796",
        "lob": [
          "WS"
        ],
        "containingOfferings": [
          {
            "offeringId": "1353631",
            "offeringToProductIds": [
              "1353621"
            ],
            "productSpecIds": [
              "7111"
            ]
          }
        ],
        "parentCatalogItemID": "5021",
        "parentCatalogItemName": "Plan",
        "planType": "BOTH",
        "catalogItemName": "Plan Vuela Ahorro S/.39.90 C",
        "oneTimePrice": {
          "originalAmount": 0.00,
          "finalAmount": 0.00,
          "minAmount": 0.00,
          "maxAmount": 30.00
        },
        "recurringPrice": {
          "originalAmount": 0.00,
          "finalAmount": 0.00,
          "frequency": "MONTH",
          "minAmount": 39.90,
          "maxAmount": 39.90
        },
        "attachments": [
          {
            "purpose": "MA",
            "attachmentLocation": "http://www.movistar.com.pe/documents/80379/3600633/ico_planes_horiz.png/e9f4626d-f99c-411a-b847-fc10d973e4ed?t=1454692755938",
            "type": "SMALLPIC"
          },
          {
            "purpose": "MA",
            "attachmentLocation": "http://www.movistar.com.pe/documents/80379/3600633/ico_planes_horiz.png/e9f4626d-f99c-411a-b847-fc10d973e4ed?t=1454692755938",
            "type": "LVPIC"
          },
          {
            "purpose": "MA",
            "attachmentLocation": "http://www.movistar.com.pe/",
            "type": "ADD"
          },
          {
            "purpose": "MA",
            "attachmentLocation": "http://www.movistar.com.pe/",
            "type": "LVTXT"
          }
        ],
        "numOfSubscribers": "1",
        "minNumOfSubscribers": "1",
        "compatibleWithDevice": "NA",
        "topRecommended": false,
        "sharedPlan": "NO",
        "catalogItemImage": "http://www.movistar.com.pe/documents/80379/3600633/ico_planes_horiz.png/e9f4626d-f99c-411a-b847-fc10d973e4ed?t=1454692755938",
        "catalogItemDisplayName": "Plan Vuela Ahorro S/.39.90 C",
        "currency": "PEN",
        "type": "PRICE_SCHEMA"
      },
      {
        "characteristic": [
          {
            "name": "Nombre del Plan",
            "code": "1353511",
            "value": "Plan Vuela S/.134.90 C",
            "nameCode": "NombredelPlan"
          },
          {
            "name": "Precio Mensual",
            "code": "1353411",
            "value": "s/. 134.90",
            "nameCode": "PrecioMensual"
          },
          {
            "name": "Internet",
            "code": "1353421",
            "value": "2048 MB",
            "nameCode": "Internet"
          },
          {
            "name": "RPM",
            "code": "1353431",
            "value": "Ilimitado min",
            "nameCode": "RPM"
          },
          {
            "name": "Minutos",
            "code": "1353441",
            "value": "0",
            "nameCode": "Minutos"
          },
          {
            "name": "SMS",
            "code": "1353451",
            "value": "Ilimitado SMS Loc",
            "nameCode": "SMS"
          },
          {
            "name": "Llamadas Internacionales",
            "code": "1353461",
            "value": "0",
            "nameCode": "LlamadasInternacionales"
          },
          {
            "name": "Minutos por Destino",
            "code": "1353471",
            "value": "250 min MF o 250 min MM o 250 min MO o 250 min LDI 1 ",
            "nameCode": "MinutosporDestino"
          },
          {
            "name": "Amigos y Familia (Dúos)",
            "code": "1353481",
            "value": "2500 min Duo MM",
            "nameCode": "Duos"
          },
          {
            "name": "Beneficios del Plan",
            "code": "1353491",
            "value": "Movistar Priority, TuGo",
            "nameCode": "BeneficiosdelPlan"
          },
          {
            "name": "Limite de Consumo Adicional",
            "code": "1353501",
            "value": "0",
            "nameCode": "LimitedeConsumoAdicional"
          }
        ],
        "businessType": "PLAN",
        "catalogItemID": "126384",
        "lob": [
          "WS"
        ],
        "containingOfferings": [
          {
            "offeringId": "55624",
            "offeringToProductIds": [
              "55614"
            ],
            "productSpecIds": [
              "7111"
            ]
          }
        ],
        "parentCatalogItemID": "5021",
        "parentCatalogItemName": "Plan",
        "planType": "BOTH",
        "catalogItemName": "Plan Vuela S/.134.90 C",
        "oneTimePrice": {
          "originalAmount": 0.00,
          "finalAmount": 0.00,
          "minAmount": 0.00,
          "maxAmount": 30.00
        },
        "recurringPrice": {
          "originalAmount": 0.00,
          "finalAmount": 0.00,
          "frequency": "MONTH",
          "minAmount": 134.90,
          "maxAmount": 134.90
        },
        "attachments": [
          {
            "purpose": "MA",
            "attachmentLocation": "http://www.movistar.com.pe/documents/80379/3600633/ico_planes_horiz.png/e9f4626d-f99c-411a-b847-fc10d973e4ed?t=1454692755938",
            "type": "SMALLPIC"
          },
          {
            "purpose": "MA",
            "attachmentLocation": "http://www.movistar.com.pe/documents/80379/3600633/ico_planes_horiz.png/e9f4626d-f99c-411a-b847-fc10d973e4ed?t=1454692755938",
            "type": "LVPIC"
          },
          {
            "purpose": "MA",
            "attachmentLocation": "http://www.movistar.com.pe/",
            "type": "ADD"
          },
          {
            "purpose": "MA",
            "attachmentLocation": "http://www.movistar.com.pe/",
            "type": "LVTXT"
          }
        ],
        "numOfSubscribers": "1",
        "minNumOfSubscribers": "1",
        "compatibleWithDevice": "NA",
        "topRecommended": false,
        "sharedPlan": "NO",
        "catalogItemImage": "http://www.movistar.com.pe/documents/80379/3600633/ico_planes_horiz.png/e9f4626d-f99c-411a-b847-fc10d973e4ed?t=1454692755938",
        "catalogItemDisplayName": "Plan Vuela S/.134.90 C",
        "currency": "PEN",
        "type": "PRICE_SCHEMA"
      },
      {
        "characteristic": [
          {
            "name": "Nombre del Plan",
            "code": "1353511",
            "value": "Plan Vuela Univ S/.110 C",
            "nameCode": "NombredelPlan"
          },
          {
            "name": "Precio Mensual",
            "code": "1353411",
            "value": "s/. 110.00",
            "nameCode": "PrecioMensual"
          },
          {
            "name": "Internet",
            "code": "1353421",
            "value": "3072 MB",
            "nameCode": "Internet"
          },
          {
            "name": "RPM",
            "code": "1353431",
            "value": "Ilimitado",
            "nameCode": "RPM"
          },
          {
            "name": "Minutos",
            "code": "1353441",
            "value": "0",
            "nameCode": "Minutos"
          },
          {
            "name": "SMS",
            "code": "1353451",
            "value": "300 SMS Loc",
            "nameCode": "SMS"
          },
          {
            "name": "Llamadas Internacionales",
            "code": "1353461",
            "value": "0",
            "nameCode": "LlamadasInternacionales"
          },
          {
            "name": "Minutos por Destino",
            "code": "1353471",
            "value": "100 min MF o 100 min MM o 100 min Otros o 100 Min LDI Región 1",
            "nameCode": "MinutosporDestino"
          },
          {
            "name": "Amigos y Familia (Dúos)",
            "code": "1353481",
            "value": "0",
            "nameCode": "Duos"
          },
          {
            "name": "Beneficios del Plan",
            "code": "1353491",
            "value": "Movistar Priority, TuGo",
            "nameCode": "BeneficiosdelPlan"
          },
          {
            "name": "Limite de Consumo Adicional",
            "code": "1353501",
            "value": "0",
            "nameCode": "LimitedeConsumoAdicional"
          }
        ],
        "businessType": "PLAN",
        "catalogItemID": "1731826",
        "lob": [
          "WS"
        ],
        "containingOfferings": [
          {
            "offeringId": "1731156",
            "offeringToProductIds": [
              "1731146"
            ],
            "productSpecIds": [
              "7111"
            ]
          }
        ],
        "parentCatalogItemID": "5021",
        "parentCatalogItemName": "Plan",
        "planType": "BOTH",
        "catalogItemName": "Plan Vuela Univ S/.110 C",
        "oneTimePrice": {
          "originalAmount": 0.00,
          "finalAmount": 0.00,
          "minAmount": 0.00,
          "maxAmount": 30.00
        },
        "recurringPrice": {
          "originalAmount": 0.00,
          "finalAmount": 0.00,
          "frequency": "MONTH",
          "minAmount": 110.00,
          "maxAmount": 110.00
        },
        "attachments": [
          {
            "purpose": "MA",
            "attachmentLocation": "http://www.movistar.com.pe/documents/80379/3600633/ico_planes_horiz.png/e9f4626d-f99c-411a-b847-fc10d973e4ed?t=1454692755938",
            "type": "SMALLPIC"
          },
          {
            "purpose": "MA",
            "attachmentLocation": "http://www.movistar.com.pe/documents/80379/3600633/ico_planes_horiz.png/e9f4626d-f99c-411a-b847-fc10d973e4ed?t=1454692755938",
            "type": "LVPIC"
          },
          {
            "purpose": "MA",
            "attachmentLocation": "http://www.movistar.com.pe/",
            "type": "ADD"
          },
          {
            "purpose": "MA",
            "attachmentLocation": "http://www.movistar.com.pe/",
            "type": "LVTXT"
          }
        ],
        "numOfSubscribers": "1",
        "minNumOfSubscribers": "1",
        "compatibleWithDevice": "NA",
        "topRecommended": false,
        "sharedPlan": "NO",
        "catalogItemImage": "http://www.movistar.com.pe/documents/80379/3600633/ico_planes_horiz.png/e9f4626d-f99c-411a-b847-fc10d973e4ed?t=1454692755938",
        "catalogItemDisplayName": "Plan Vuela Univ S/.110 C",
        "currency": "PEN",
        "type": "PRICE_SCHEMA"
      },
      {
        "characteristic": [
          {
            "name": "Nombre del Plan",
            "code": "1353511",
            "value": "Plan Vuela Univ S/.60 C",
            "nameCode": "NombredelPlan"
          },
          {
            "name": "Precio Mensual",
            "code": "1353411",
            "value": "s/. 60.00",
            "nameCode": "PrecioMensual"
          },
          {
            "name": "Internet",
            "code": "1353421",
            "value": "1024 MB",
            "nameCode": "Internet"
          },
          {
            "name": "RPM",
            "code": "1353431",
            "value": "Ilimitado",
            "nameCode": "RPM"
          },
          {
            "name": "Minutos",
            "code": "1353441",
            "value": "0",
            "nameCode": "Minutos"
          },
          {
            "name": "SMS",
            "code": "1353451",
            "value": "300 SMS Loc",
            "nameCode": "SMS"
          },
          {
            "name": "Llamadas Internacionales",
            "code": "1353461",
            "value": "0",
            "nameCode": "LlamadasInternacionales"
          },
          {
            "name": "Minutos por Destino",
            "code": "1353471",
            "value": "40 min MF o 40 min MM o 40 min Otros o 40 Min LDI Región 1",
            "nameCode": "MinutosporDestino"
          },
          {
            "name": "Amigos y Familia (Dúos)",
            "code": "1353481",
            "value": "0",
            "nameCode": "Duos"
          },
          {
            "name": "Beneficios del Plan",
            "code": "1353491",
            "value": "Movistar Priority, TuGo",
            "nameCode": "BeneficiosdelPlan"
          },
          {
            "name": "Limite de Consumo Adicional",
            "code": "1353501",
            "value": "0",
            "nameCode": "LimitedeConsumoAdicional"
          }
        ],
        "businessType": "PLAN",
        "catalogItemID": "1731806",
        "lob": [
          "WS"
        ],
        "containingOfferings": [
          {
            "offeringId": "1731156",
            "offeringToProductIds": [
              "1731146"
            ],
            "productSpecIds": [
              "7111"
            ]
          }
        ],
        "parentCatalogItemID": "5021",
        "parentCatalogItemName": "Plan",
        "planType": "BOTH",
        "catalogItemName": "Plan Vuela Univ S/.60 C",
        "oneTimePrice": {
          "originalAmount": 0.00,
          "finalAmount": 0.00,
          "minAmount": 0.00,
          "maxAmount": 30.00
        },
        "recurringPrice": {
          "originalAmount": 0.00,
          "finalAmount": 0.00,
          "frequency": "MONTH",
          "minAmount": 60.00,
          "maxAmount": 60.00
        },
        "attachments": [
          {
            "purpose": "MA",
            "attachmentLocation": "http://www.movistar.com.pe/documents/80379/3600633/ico_planes_horiz.png/e9f4626d-f99c-411a-b847-fc10d973e4ed?t=1454692755938",
            "type": "SMALLPIC"
          },
          {
            "purpose": "MA",
            "attachmentLocation": "http://www.movistar.com.pe/documents/80379/3600633/ico_planes_horiz.png/e9f4626d-f99c-411a-b847-fc10d973e4ed?t=1454692755938",
            "type": "LVPIC"
          },
          {
            "purpose": "MA",
            "attachmentLocation": "http://www.movistar.com.pe/",
            "type": "ADD"
          },
          {
            "purpose": "MA",
            "attachmentLocation": "http://www.movistar.com.pe/",
            "type": "LVTXT"
          }
        ],
        "numOfSubscribers": "1",
        "minNumOfSubscribers": "1",
        "compatibleWithDevice": "NA",
        "topRecommended": false,
        "sharedPlan": "NO",
        "catalogItemImage": "http://www.movistar.com.pe/documents/80379/3600633/ico_planes_horiz.png/e9f4626d-f99c-411a-b847-fc10d973e4ed?t=1454692755938",
        "catalogItemDisplayName": "Plan Vuela Univ S/.60 C",
        "currency": "PEN",
        "type": "PRICE_SCHEMA"
      },
      {
        "characteristic": [
          {
            "name": "Nombre del Plan",
            "code": "1353511",
            "value": "Plan Vuela Univ S/.80 C",
            "nameCode": "NombredelPlan"
          },
          {
            "name": "Precio Mensual",
            "code": "1353411",
            "value": "s/. 80.00",
            "nameCode": "PrecioMensual"
          },
          {
            "name": "Internet",
            "code": "1353421",
            "value": "2048 MB",
            "nameCode": "Internet"
          },
          {
            "name": "RPM",
            "code": "1353431",
            "value": "Ilimitado",
            "nameCode": "RPM"
          },
          {
            "name": "Minutos",
            "code": "1353441",
            "value": "0",
            "nameCode": "Minutos"
          },
          {
            "name": "SMS",
            "code": "1353451",
            "value": "300 SMS Loc",
            "nameCode": "SMS"
          },
          {
            "name": "Llamadas Internacionales",
            "code": "1353461",
            "value": "0",
            "nameCode": "LlamadasInternacionales"
          },
          {
            "name": "Minutos por Destino",
            "code": "1353471",
            "value": "70 min MF o 70 min MM o 70 min Otros o 70 Min LDI Región 1",
            "nameCode": "MinutosporDestino"
          },
          {
            "name": "Amigos y Familia (Dúos)",
            "code": "1353481",
            "value": "0",
            "nameCode": "Duos"
          },
          {
            "name": "Beneficios del Plan",
            "code": "1353491",
            "value": "Movistar Priority, TuGo",
            "nameCode": "BeneficiosdelPlan"
          },
          {
            "name": "Limite de Consumo Adicional",
            "code": "1353501",
            "value": "0",
            "nameCode": "LimitedeConsumoAdicional"
          }
        ],
        "businessType": "PLAN",
        "catalogItemID": "1731816",
        "lob": [
          "WS"
        ],
        "containingOfferings": [
          {
            "offeringId": "1731156",
            "offeringToProductIds": [
              "1731146"
            ],
            "productSpecIds": [
              "7111"
            ]
          }
        ],
        "parentCatalogItemID": "5021",
        "parentCatalogItemName": "Plan",
        "planType": "BOTH",
        "catalogItemName": "Plan Vuela Univ S/.80 C",
        "oneTimePrice": {
          "originalAmount": 0.00,
          "finalAmount": 0.00,
          "minAmount": 0.00,
          "maxAmount": 30.00
        },
        "recurringPrice": {
          "originalAmount": 0.00,
          "finalAmount": 0.00,
          "frequency": "MONTH",
          "minAmount": 80.00,
          "maxAmount": 80.00
        },
        "attachments": [
          {
            "purpose": "MA",
            "attachmentLocation": "http://www.movistar.com.pe/documents/80379/3600633/ico_planes_horiz.png/e9f4626d-f99c-411a-b847-fc10d973e4ed?t=1454692755938",
            "type": "SMALLPIC"
          },
          {
            "purpose": "MA",
            "attachmentLocation": "http://www.movistar.com.pe/documents/80379/3600633/ico_planes_horiz.png/e9f4626d-f99c-411a-b847-fc10d973e4ed?t=1454692755938",
            "type": "LVPIC"
          },
          {
            "purpose": "MA",
            "attachmentLocation": "http://www.movistar.com.pe/",
            "type": "ADD"
          },
          {
            "purpose": "MA",
            "attachmentLocation": "http://www.movistar.com.pe/",
            "type": "LVTXT"
          }
        ],
        "numOfSubscribers": "1",
        "minNumOfSubscribers": "1",
        "compatibleWithDevice": "NA",
        "topRecommended": false,
        "sharedPlan": "NO",
        "catalogItemImage": "http://www.movistar.com.pe/documents/80379/3600633/ico_planes_horiz.png/e9f4626d-f99c-411a-b847-fc10d973e4ed?t=1454692755938",
        "catalogItemDisplayName": "Plan Vuela Univ S/.80 C",
        "currency": "PEN",
        "type": "PRICE_SCHEMA"
      }
    ],
    "itemsPerCategory": 8
  }
}
