{
  "ImplRetrieveShopsForDeviceResponse": {
    "retrieveShopsForDeviceResponseType": {
      "tefHeaderRes": {
        "serviceName": "RetrieveShopsForDevices",
        "responseDateTime": 1468930794849,
        "transactionID": "fa49857f-4a72-46b6-9f14-7a6acb5a126b"
      },
      "retrieveShopsForDeviceResponseData": {
        "storeMaterialsList": {
          "storeMaterials": [
            {
              "place": {
                "storeID": "A300",
                "name": "WAREHOUSE",
                "address": {
                  "additionalComments": "PERU"
                }
              },
              "customerOrderItemList": {
                "customerOrderItem": [
                  {
                    "product": {
                      "externalID": "23423401",
                      "productCapacityDemand": {
                        "capacityDemandAmount": {
                          "units": "UNI",
                          "amount": 10
                        }
                      }
                    }
                  },
                  {
                    "product": {
                      "externalID": "444401",
                      "productCapacityDemand": {
                        "capacityDemandAmount": {
                          "units": "UNI",
                          "amount": 9
                        }
                      }
                    }
                  }
                ],
                "customerOrderItemLength": 2
              }
            }
          ],
          "storeMaterialsLength": 1
        },
        "status": {
          "code": "50000",
          "description": "Success"
        }
      }
    }
  }
}