{
  "BillingArrangementDetails": {
    "status": "success",
    "physicalAddress": {
      "streetType": "AUTOPISTA",
      "streetName": "Autopista de la cantion",
      "streetNumber": "19",
      "block": "01",
      "lot": "01",
      "housingComplex": "URBANIZACION RESIDENCIALSDF",
      "housingComplexType": "AGRUPACION",
      "district": "02",
      "comments": "My ref",
      "city": "AMAZONAS",
      "country": "PE",
      "addressId": "6863",
      "state": "11",
      "withoutNumber": false
    },
    "billMedia": {
      "billFormat": "Paper"
    },
    "billingArrangementAlias": "leris go",
    "successful": true
  }
}
