{
  "ArrayList": [
    {
      "code": "Dispute",
      "deCode": "Desacuerdo monto facturado",
      "communicationMethod": "EMAIL",
      "caseType1": "BillingDispute",
      "caseType2": "Dispute",
      "caseType3": "Charge",
      "implFlexibleAttData": [
        {
          "labelDeCode": "Indica si el cliente autoriza SI/NO  a ser notificado por correo electrónico",
          "labelCode": "tmplt18_autorizacion_notificacion_correo",
          "attributeType": "Select",
          "mandatory": true,
          "attrValues": [
            {
              "code": "Default",
              "deCode": "[Seleccione.]"
            },
            {
              "code": "Yes",
              "deCode": "Sí"
            },
            {
              "code": "No",
              "deCode": "No"
            }
          ]
        },
        {
          "labelDeCode": "Concepto del Reclamo",
          "labelCode": "tmplt18_concepto_reclamo",
          "attributeType": "Select",
          "mandatory": true,
          "attrValues": [
            {
              "code": "Default",
              "deCode": "[Seleccione.]"
            },
            {
              "code": "01-Facturación",
              "deCode": "01-Facturación"
            },
            {
              "code": "02-Cobro del servicio",
              "deCode": "02-Cobro del servicio"
            },
            {
              "code": "03-Instalación o activación del servicio",
              "deCode": "03-Instalación o activación del servicio"
            },
            {
              "code": "04-Suspensión, corte o baja de servicio ",
              "deCode": "04-Suspensión, corte o baja de servicio "
            },
            {
              "code": "05-Calidad en la prestación de servicio ",
              "deCode": "05-Calidad en la prestación de servicio "
            },
            {
              "code": "06-Falta de entrega del recibo o detalle",
              "deCode": "06-Falta de entrega del recibo o detalle"
            },
            {
              "code": "07-Otros",
              "deCode": "07-Otros"
            }
          ]
        },
        {
          "labelDeCode": "Colocar el motivo de reclamo del cliente",
          "labelCode": "tmplt18_detalle_del_reclamo",
          "attributeType": "String",
          "mandatory": true
        },
        {
          "labelDeCode": "emisión recibo reclamado",
          "labelCode": "tmplt18_fecha_emision_recibo_reclamado",
          "attributeType": "String",
          "mandatory": true
        },
        {
          "labelDeCode": "Sub Tipo de Facturación",
          "labelCode": "tmplt18_Subtipo_facturacion",
          "attributeType": "Select",
          "mandatory": true,
          "attrValues": [
            {
              "code": "Default",
              "deCode": "[Seleccione.]"
            },
            {
              "code": "01-Cargo fijo",
              "deCode": "01-Cargo fijo"
            },
            {
              "code": "02-Minutos Adicionales",
              "deCode": "02-Minutos Adicionales"
            },
            {
              "code": "03-Plan tarifario y lómites de consumo",
              "deCode": "03-Plan tarifario y lómites de consumo"
            },
            {
              "code": "04-Larga distancia nacional",
              "deCode": "04-Larga distancia nacional"
            },
            {
              "code": "05-Llamada larga distancia internacional",
              "deCode": "05-Llamada larga distancia internacional"
            },
            {
              "code": "06-Ofertas y promociones",
              "deCode": "06-Ofertas y promociones"
            },
            {
              "code": "07-Roaming",
              "deCode": "07-Roaming"
            },
            {
              "code": "08-Asignación minutos servicios prepago",
              "deCode": "08-Asignación minutos servicios prepago"
            },
            {
              "code": "09-Otros",
              "deCode": "09-Otros"
            }
          ]
        },
        {
          "labelDeCode": "Indica el monto reclamado",
          "labelCode": "tmplt18_indica_monto_reclamado",
          "attributeType": "String",
          "mandatory": true
        },
        {
          "labelDeCode": "Número de recibo reclamado",
          "labelCode": "tmplt18_numero_recibo_reclamado",
          "attributeType": "String",
          "mandatory": true
        },
        {
          "labelDeCode": "Numero de suscripción",
          "labelCode": "tmplt18_numero_suscripcion",
          "attributeType": "String",
          "mandatory": true
        },
        {
          "labelDeCode": "Región de presentación del reclamo",
          "labelCode": "tmplt18_region_presentacion",
          "attributeType": "Select",
          "mandatory": true,
          "attrValues": [
            {
              "code": "Default",
              "deCode": "[Seleccione.]"
            },
            {
              "code": "01-Amazonas",
              "deCode": "01-Amazonas"
            },
            {
              "code": "02-Ancash",
              "deCode": "02-Áncash"
            },
            {
              "code": "03-Apurimac",
              "deCode": "03-Apurímac"
            },
            {
              "code": "04-Arequipa",
              "deCode": "04-Arequipa"
            },
            {
              "code": "05-Ayacucho",
              "deCode": "05-Ayacucho"
            },
            {
              "code": "06-Cajamarca",
              "deCode": "06-Cajamarca"
            },
            {
              "code": "07-Callao",
              "deCode": "07-Callao"
            },
            {
              "code": "08-Cuzco",
              "deCode": "08-Cuzco"
            },
            {
              "code": "09-Huancavelica",
              "deCode": "09-Huancavelica"
            },
            {
              "code": "10-Huanuco",
              "deCode": "10-Huánuco"
            },
            {
              "code": "11-Ica",
              "deCode": "11-Ica"
            },
            {
              "code": "12-Junin",
              "deCode": "12-Junín"
            },
            {
              "code": "13-La Libertad",
              "deCode": "13-La Libertad"
            },
            {
              "code": "14-Lambayeque",
              "deCode": "14-Lambayeque"
            },
            {
              "code": "15-Lima",
              "deCode": "15-Lima"
            },
            {
              "code": "16-Loreto",
              "deCode": "16-Loreto"
            },
            {
              "code": "17-Madre de Dios",
              "deCode": "17-Madre de Dios"
            },
            {
              "code": "18-Moquegua",
              "deCode": "18-Moquegua"
            },
            {
              "code": "19-Pasco",
              "deCode": "19-Pasco"
            },
            {
              "code": "20-Piura",
              "deCode": "20-Piura"
            },
            {
              "code": "21-Puno",
              "deCode": "21-Puno"
            },
            {
              "code": "22-San Martín",
              "deCode": "22-San Martín"
            },
            {
              "code": "23-Tacna",
              "deCode": "23-Tacna"
            },
            {
              "code": "24-Tumbes",
              "deCode": "24-Tumbes"
            },
            {
              "code": "25-Ucayali",
              "deCode": "25-Ucayali"
            }
          ]
        },
        {
          "labelDeCode": "Vencimiento recibo reclamado",
          "labelCode": "tmplt18_fecha_vencimiento_recibo_reclamado",
          "attributeType": "String",
          "mandatory": true
        }
      ]
    }
  ]
}
