{
  "ImplWarehouseAvailabilityResponse": {
    "checkAvailabilityInWarehouseResponse": {
      "tefHeaderRes": {
        "serviceName": "CheckAvailabilityInWarehouse",
        "responseDateTime": 1485262314379,
        "transactionID": "5f304b8f-22d4-42c5-b311-cf592c138579"
      },
      "checkAvailabilityInWarehouseResponseData": {
        "storeMaterials": {
          "placeList": {
            "place": [
              {
                "storeID": "01005002"
              },
              {
                "storeID": "01003003"
              }
            ],
            "placeLength": 2
          },
          "customerOrderItemList": {
            "customerOrderItem": [
              {
                "product": {
                  "externalID": "TMGPEAP70032NES001",
                  "unitsInWarehouse": {
                    "amount": 5
                  },
                  "unitsInCCWarehouse": {
                    "amount": 0
                  },
                  "unitsInShipmentWarehouse": {
                    "amount": 4
                  }
                }
              }
            ],
            "customerOrderItemLength": 1
          }
        },
        "status": {
          "code": "50000",
          "description": "Ok"
        }
      }
    }
  }
}
