{
  "ImplRetrieveSubscriptionBalanceOutput": {
    "plansBalance": [
      {
        "name": "SMS Local Cualquier destino",
        "balance": "Ilimitado",
        "expirationDate": "2036-01-18T00:00:00.000-05:00",
        "isGift": false,
        "frequency": "Autorrenovable",
        "quantity": "Ilimitado",
        "measure": "SMS",
        "planType": "Bolton",
        "code": "RD04",
        "visible": false
      },
      {
        "name": "RPM Movil",
        "balance": "Ilimitado",
        "expirationDate": "2036-01-18T00:00:00.000-05:00",
        "isGift": false,
        "frequency": "Autorrenovable",
        "quantity": "Ilimitado",
        "measure": "min ",
        "planType": "Bolton",
        "code": "RD06",
        "visible": false
      },
      {
        "name": "Bono de Datos del Plan",
        "balance": "1024",
        "expirationDate": "2036-01-18T00:00:00.000-05:00",
        "isGift": false,
        "frequency": "Autorrenovable",
        "quantity": "1024",
        "measure": "MB",
        "planType": "Bolton",
        "code": "DAT1",
        "visible": false
      },
      {
        "name": "Fijo",
        "balance": "Ilimitado",
        "expirationDate": "2036-01-18T00:00:00.000-05:00",
        "quantity": "Ilimitado",
        "measure": "min",
        "planType": "OPlan",
        "visible": false
      },
      {
        "name": "Moviles",
        "balance": "Ilimitado",
        "expirationDate": "2036-01-18T00:00:00.000-05:00",
        "quantity": "Ilimitado",
        "measure": "min",
        "planType": "OPlan",
        "visible": false
      },
      {
        "name": "Otros operadores",
        "balance": "Ilimitado",
        "expirationDate": "2036-01-18T00:00:00.000-05:00",
        "quantity": "Ilimitado",
        "measure": "min",
        "planType": "OPlan",
        "visible": false
      },
      {
        "name": "LDI USA y Canada",
        "balance": "Ilimitado",
        "expirationDate": "2036-01-18T00:00:00.000-05:00",
        "quantity": "Ilimitado",
        "measure": "min",
        "planType": "OPlan",
        "visible": false
      }
    ],
    "myConsumptions": [
      {
        "balance": "0.0",
        "quantity": "84.74",
        "visible": false
      }
    ],
    "wallets": [
      {
        "name": "A todo destino",
        "balance": "82.0",
        "expirationDate": "2017-07-08T23:59:59.000-05:00",
        "code": "1",
        "visible": false
      },
      {
        "name": "Minutos despierta",
        "balance": "10.0",
        "expirationDate": "2017-05-15T23:59:59.000-05:00",
        "code": "2",
        "visible": false
      }
    ],
    "cycleInfoRenewalDay": "15"
  }
}