{
  "ImplSearchCreditNotesBaseOutput": {
    "status": "success",
    "statusCode": 0,
    "creditNotes": [
      {
        "creditId": 273489608,
        "invoiceId": 94514358,
        "creditReason": "BILLIN",
        "taxAmount": 0.0,
        "amount": 0.01,
        "reversalTransId": 0,
        "creditLevelCode": "ACC",
        "billingInvoiceNumber": "M06150000004301",
        "creditReasonDescription": "Créditos de facturación"
      },
      {
        "creditId": 273487598,
        "invoiceId": 94511467,
        "creditReason": "BILLIN",
        "taxAmount": 0.0,
        "amount": 0.02,
        "reversalTransId": 0,
        "creditLevelCode": "ACC",
        "billingInvoiceNumber": "M06150000003107",
        "creditReasonDescription": "Créditos de facturación"
      },
      {
        "creditId": 273485573,
        "invoiceId": 94508633,
        "creditReason": "BILLIN",
        "taxAmount": 0.0,
        "amount": 0.03,
        "reversalTransId": 0,
        "creditLevelCode": "ACC",
        "billingInvoiceNumber": "M06150000002099",
        "creditReasonDescription": "Créditos de facturación"
      },
      {
        "creditId": 273481958,
        "invoiceId": 94503525,
        "creditReason": "BILLIN",
        "taxAmount": 0.0,
        "amount": 0.04,
        "reversalTransId": 0,
        "creditLevelCode": "ACC",
        "billingInvoiceNumber": "M06150000001065",
        "creditReasonDescription": "Créditos de facturación"
      }
    ],
    "moreRows": 0,
    "rowCount": 4,
    "resultsCount": 4,
    "totalCount": 4,
    "successful": true
  }
}
