{
  "ArrayList": [
    {
      "status": "success",
      "statusCode": 0,
      "linkId": "impl.retrieve.pin.puk",
      "linkType": "URL",
      "linkValue": "dummyPage",
      "linkSubType": "http://dummy.com",
      "successful": true
    },
    {
      "status": "success",
      "statusCode": 0,
      "linkId": "impl.change.number",
      "linkType": "CaseCreate",
      "linkValue": "Transacciones",
      "linkSubType": "Cambio de Numero",
      "successful": true
    },
    {
      "status": "success",
      "statusCode": 0,
      "linkId": "impl.terminate.subscription",
      "linkType": "CaseCreate",
      "linkValue": "Transacciones",
      "linkSubType": "Desactivar componentes",
      "successful": true
    },
    {
      "status": "success",
      "statusCode": 0,
      "linkId": "impl.suspend.subscription",
      "linkType": "CaseCreate",
      "linkValue": "Transacciones",
      "linkSubType": "Suspensión del servicio",
      "successful": true
    },
    {
      "status": "success",
      "statusCode": 0,
      "linkId": "impl.change.ownership",
      "linkType": "CaseCreate",
      "linkValue": "Transacciones",
      "linkSubType": "Solicitud de cambio de titularidad",
      "successful": true
    }
  ]
}
