{
  "CatalogPlan": {
    "planType": "BOTH",
    "downgradeX9": false,
    "planScoreX9": 0,
    "oneTimeCharge": {},
    "recurringCharge": {
      "chargeFrequencyUnit": "MONTH",
      "currency": "PEN",
      "max": 25.90,
      "min": 25.90
    },
    "detailsGroups": [{
      "characteristics": [{
          "additionalProperties": [{
            "name": "Nombre del Plan",
            "value": {
              "stringValue": "Plan Elige más S/ 25.90"
            }
          }]
        },
        {
          "additionalProperties": [{
            "name": "Precio Mensual",
            "value": {
              "stringValue": "S/ 25.90"
            }
          }]
        },
        {
          "additionalProperties": [{
            "name": "Internet",
            "value": {
              "stringValue": "700 MB + Funpack Ilimitado"
            }
          }]
        },
        {
          "additionalProperties": [{
            "name": "RPM",
            "value": {
              "stringValue": "RPM Ilimitado"
            }
          }]
        },
        {
          "additionalProperties": [{
            "name": "Minutos por Destino",
            "value": {
              "stringValue": "Ilimitado Min TD"
            }
          }]
        },
        {
          "additionalProperties": [{
            "name": "SMS",
            "value": {
              "stringValue": "SMS Ilimitado"
            }
          }]
        },
        {
          "additionalProperties": [{
            "name": "Minutos",
            "value": {
              "stringValue": "0"
            }
          }]
        },
        {
          "additionalProperties": [{
            "name": "Limite de Consumo Adicional",
            "value": {
              "stringValue": "0"
            }
          }]
        },
        {
          "additionalProperties": [{
            "name": "Beneficios del Plan",
            "value": {
              "stringValue": "FunPack, Movistar Fútbol, Movistar Prix"
            }
          }]
        },
        {
          "additionalProperties": [{
            "name": "Llamadas Internacionales",
            "value": {
              "stringValue": "0"
            }
          }]
        },
        {
          "additionalProperties": [{
            "name": "Apps Ilimitadas",
            "value": {
              "stringValue": "GRUPO01"
            }
          }]
        },
        {
          "additionalProperties": [{
            "name": "Amigos y Familia (Dúos)",
            "value": {
              "stringValue": "0"
            }
          }]
        }
      ]
    }],
    "trafficTypeX9": "Plan",
    "attachmentsX9": [{
        "purpose": "MA",
        "attachmentLocation": "http://www.movistar.com.pe/documents/80379/3600633/ico_planes_horiz.png/e9f4626d-f99c-411a-b847-fc10d973e4ed?t=1454692755938",
        "type": "SMALLPIC"
      },
      {
        "purpose": "MA",
        "attachmentLocation": "http://www.movistar.com.pe/documents/80379/3600633/ico_planes_horiz.png/e9f4626d-f99c-411a-b847-fc10d973e4ed?t=1454692755938",
        "type": "LVPIC"
      },
      {
        "purpose": "MA",
        "attachmentLocation": "http://www.cms.movistar.com.pe/documents/80379/5035939/Consulta+de+detalle+de+Plan/0d94e7e7-603a-4dc6-b8df-9a0db70412d8",
        "type": "ADD"
      },
      {
        "purpose": "MA",
        "attachmentLocation": "http://www.movistar.com.pe/",
        "type": "LVTXT"
      }
    ],
    "image": "http://www.movistar.com.pe/documents/80379/3600633/ico_planes_horiz.png/e9f4626d-f99c-411a-b847-fc10d973e4ed?t=1454692755938",
    "description": "Plan Elige más S/ 25.90",
    "name": "Plan Elige más S/ 25.90",
    "Id": "2010313"
  }
}
