{
  "Bills": {
    "links": [
      {
        "href": "ebill/billing-arrangement/380305645/bill/380305645/summary?salesChannel=SS&locale=es_PE&bcd=1479168000000",
        "rel": "lastBill"
      }
    ],
    "bills": [
      {
        "totalAdjustmentsAmount": 0.00,
        "totalCreditAmount": 0.00,
        "totalDiscountAmount": 0.00,
        "totalTaxAmount": 0.00,
        "paymentDueDate": 1480896000000,
        "billNumber": "380305645",
        "previousBillAmount": 330.00,
        "billAmount": 330.00,
        "billInvoiceNumberX9": "M15020000000062",
        "billEndDate": 1479168000000,
        "billStartDate": 1476576000000,
        "billCloseDate": 1479168000000,
        "outstandingBalance": 330.00,
        "previousTotalAdjustments": 0.00,
        "previousTotalPayments": 0.00,
        "totalChargesWithoutBalance": 330.00,
        "billPeriod": 9,
        "currency": "PEN"
      },
      {
        "totalAdjustmentsAmount": 0.00,
        "totalCreditAmount": 0.00,
        "totalDiscountAmount": 0.00,
        "totalTaxAmount": 0.00,
        "paymentDueDate": 1478476800000,
        "billNumber": "380305645",
        "previousBillAmount": 220.00,
        "billAmount": 220.00,
        "billInvoiceNumberX9": "M15020000000034",
        "billEndDate": 1476489600000,
        "billStartDate": 1473984000000,
        "billCloseDate": 1476489600000,
        "outstandingBalance": 220.00,
        "previousTotalAdjustments": 0.00,
        "previousTotalPayments": 0.00,
        "totalChargesWithoutBalance": 220.00,
        "billPeriod": 8,
        "currency": "PEN"
      },
      {
        "totalAdjustmentsAmount": 0.00,
        "totalCreditAmount": 0.00,
        "totalDiscountAmount": 0.00,
        "totalTaxAmount": 0.00,
        "paymentDueDate": 1475712000000,
        "billNumber": "380305645",
        "previousBillAmount": 110.00,
        "billAmount": 110.00,
        "billInvoiceNumberX9": "M15020000000006",
        "billEndDate": 1473897600000,
        "billStartDate": 1471305600000,
        "billCloseDate": 1473984000000,
        "outstandingBalance": 110.00,
        "previousTotalAdjustments": 0.00,
        "previousTotalPayments": 0.00,
        "totalChargesWithoutBalance": 110.00,
        "billPeriod": 7,
        "currency": "PEN"
      }
    ]
  }
}
