{
  "ImplProblemTypesData": {
    "problemTypes": [
      {
        "code": "Apeal",
        "deCode": "Apelación"
      },
      {
        "code": "Atencion Canal Web",
        "deCode": "Atencion Canal Web"
      },
      {
        "code": "Billing Dispute",
        "deCode": "Reclamo de Facturación"
      },
      {
        "code": "Reclamo de informacion",
        "deCode": "Reclamo de información"
      },
      {
        "code": "Solicitudes Varias",
        "deCode": "Solicitudes Varias"
      },
      {
        "code": "Transacciones",
        "deCode": "Transacciones"
      }
    ]
  }
}
