{
  "ImplRetrieveAvailablePromotionsResponse": {
    "campaigns": [{
      "marketingCampaign": {
        "id": "TEST_DRIVE_CAPL_23_E",
        "name": "PLANES SUGERIDOS CAPL",
        "priority": "1",
        "mcType": "MIG",
        "automaticOrderIndicator ": true,
        "campaignImg": "https: //image.ibb.co/mAPVbK/Banner_CAPL.jpg",
        "campaignSubType": "VTA",
        "responseTrackingCd": "198684478"
      },
      "dataList": {
        "dataType": [{
          "code": "FECHAINICIOCAMPANA",
          "detail": "16 / 08 / 2018 "
        }, {
          "code": "FECHAFINCAMPANA",
          "detail": "24 / 08 / 2018 "
        }, {
          "code": "MBCONSTESTDRIVE",
          "detail": "999999"
        }],
        "dataTypeLength": 3
      },
      "productOfferingList": {
        "productOffering": [{
          "instanceId": "2191753",
          "offerId": "2191754",
          "offerDescription": "Plan Elige m<BF>s Ilim S/ 169.90",
          "productOfferingPrice": 16990.00,
          "salesChannel": {
            "salesChannelID": "SS"
          },
          "dataList": {
            "dataType": [{
              "code": "MBCONSTESTDRIVE",
              "detail": "999999"
            }],
            "dataTypeLength": 1
          }
        }],
        "productOfferingLength": 1
      }
    }],
    "status": {
      "code": "0000",
      "description": "Transacci<F3>n realizada con <C9>xito"
    }
  }
}
