{
  "RetrieveCustomerProblemsResponse": {
    "filterInfo": {},
    "numResults": 3,
    "maxResultsExceed": false,
    "customerProblems": [
      {
        "correlativoId": "AP-1082-2017",
        "conditionId": "WFL_GEN_RES_STATE_OPEN",
        "conditionName": "Abierto",
        "reporterName": "ROMAN RICARDO LEON GOMEZ",
        "lastModifiedDate": 1485167901000,
        "displayableState": "Abierto",
        "problemTypeLevelTitle": [
          "Apelación",
          "Apelación",
          "Apelación"
        ],
        "problemTypeLevel": [
          "STANDARD",
          "CASE_TYPE",
          "Apeal"
        ],
        "associatedItem": {
          "reference": "954473097",
          "type": "SUBSCRIPTION",
          "ID": "74505428"
        },
        "creationDate": 1485167900000,
        "name": "Apelación - Apelacion - Apelacion",
        "status": "Abierto",
        "ID": "2734"
      },
      {
        "correlativoId": "VINF-1257-2017",
        "conditionId": "WFL_GEN_RES_STATE_OPEN",
        "conditionName": "Abierto",
        "reporterName": "ROMAN RICARDO LEON GOMEZ",
        "lastModifiedDate": 1485167641000,
        "displayableState": "Abierto",
        "problemTypeLevelTitle": [
          "Otros Reclamos Soluciones Movil",
          "Veracidad de la información",
          "No se informo minutos cosumidos/saldo"
        ],
        "problemTypeLevel": [
          "STANDARD",
          "CASE_TYPE",
          "Other Claims"
        ],
        "associatedItem": {
          "reference": "954473097",
          "type": "SUBSCRIPTION",
          "ID": "74505428"
        },
        "creationDate": 1485167640000,
        "name": "Reclamo de información - Veracidad de la informacion - No se informo minutos cos",
        "status": "Abierto",
        "ID": "2732"
      }
    ],
    "moreResults": false
  }
}
