{
  "ImplRetrieveAvailablePromotionsResponse": {
    "campaigns": [
      {
        "marketingCampaign": {
          "id": "00",
          "name": "0",
          "priority": "0",
          "mcType": "FDN",
          "automaticOrderIndicator": false,
          "campaignSubType": "0",
          "campaignResultCode": "0",
          "campaignReasonCode": "0",
          "campaignSubReasonCode": "0",
          "ctiId": "0",
          "callId": "0",
          "interactionId": "0",
          "user": "0",
          "feedbackDate": 1446575400000,
          "responseTrackingCd": "0"
        },
        "channel": {
          "salesChannelID": "0"
        },
        "subscriber": {
          "subscriberId": 0
        },
        "offerIdentification": {
          "instanceId": "0",
          "productOfferingPrice": 1.00,
          "salesChannel": {},
          "dataList": {
            "dataType": [
              {}
            ],
            "dataTypeLength": 1
          }
        },
        "dataList": {
          "dataType": [
            {}
          ],
          "dataTypeLength": 1
        },
        "productOfferingList": {
          "productOffering": [
            {
              "instanceId": "0",
              "offerDescription": "0",
              "productOfferingPrice": 0.00,
              "salesChannel": {
                "salesChannelID": "0"
              },
              "dataList": {
                "dataType": [
                  {
                    "code": "0",
                    "detail": "0"
                  }
                ],
                "dataTypeLength": 1
              }
            },
            {
              "instanceId": "1",
              "offerDescription": "1",
              "productOfferingPrice": 1.00,
              "salesChannel": {
                "salesChannelID": "1"
              },
              "dataList": {
                "dataType": [
                  {
                    "code": "bolton",
                    "detail": "22"
                  }
                ],
                "dataTypeLength": 1
              }
            }
          ],
          "productOfferingLength": 2
        }
      }
    ],
    "status": {
      "code": "0"
    }
  }
}
