{
  "ImplRetrieveSubscriptionBalanceOutput": {
    "plansBalance": [{
        "name": "SMS Local Cualquier destino",
        "balance": "Ilimitado",
        "expirationDate": "2036-01-18T00:00:00.000-05:00",
        "isGift": false,
        "frequency": "Autorrenovable",
        "quantity": "Ilimitado",
        "measure": "SMS",
        "planType": "Bolton",
        "code": "RD04",
        "visible": false
      },
      {
        "name": "RPM Movil",
        "balance": "Ilimitado",
        "expirationDate": "2036-01-18T00:00:00.000-05:00",
        "isGift": false,
        "frequency": "Autorrenovable",
        "quantity": "Ilimitado",
        "measure": "min ",
        "planType": "Bolton",
        "code": "RD06",
        "visible": false
      },
      {
        "name": "Fijo",
        "balance": "Ilimitado",
        "expirationDate": "2036-01-18T00:00:00.000-05:00",
        "quantity": "Ilimitado",
        "measure": "min",
        "planType": "OPlan",
        "visible": false
      },
      {
        "name": "Moviles",
        "balance": "Ilimitado",
        "expirationDate": "2036-01-18T00:00:00.000-05:00",
        "quantity": "Ilimitado",
        "measure": "min",
        "planType": "OPlan",
        "visible": false
      },
      {
        "name": "Otros operadores",
        "balance": "Ilimitado",
        "expirationDate": "2036-01-18T00:00:00.000-05:00",
        "quantity": "Ilimitado",
        "measure": "min",
        "planType": "OPlan",
        "visible": false
      },
      {
        "name": "LDI USA y Canada",
        "balance": "Ilimitado",
        "expirationDate": "2036-01-18T00:00:00.000-05:00",
        "quantity": "Ilimitado",
        "measure": "min",
        "planType": "OPlan",
        "visible": false
      }
    ],
    "recharge": {
      "name": "My recharge",
      "remainedBalance": "120",
      "expirationDate": "2036-01-18T00:00:00.000-05:00"
    },
    "activesSupercharges": [{
        "name": "RPM",
        "balance": "5000",
        "expirationDate": "2019-03-23T17:15:22.000-05:00",
        "frequency": "OneShot",
        "quantity": "4320",
        "measure": "min",
        "code": "84VS",
        "visible": false
      },
      {
        "name": "Bono de Datos del Plan",
        "balance": "2048",
        "expirationDate": "2036-01-18T00:00:00.000-05:00",
        "isGift": false,
        "frequency": "Autorrenovable",
        "quantity": "1024",
        "measure": "MB",
        "planType": "Bolton",
        "code": "DAT1",
        "visible": false
      }
    ],
    "myPackages": [{
        "name": "SMS Plus 250",
        "balance": "10.5",
        "expirationDate": "2016-05-31T00:00:00",
        "frequency": "OneShot",
        "measure": "SMS",
        "quantity": "30",
        "visible": false
      },
      {
        "name": "Packet 2",
        "balance": "10.5",
        "expirationDate": "2016-06-05T00:00:00",
        "frequency": "Recurrente",
        "quantity": "136",
        "measure": "Seconds",
        "visible": false
      },
      {
        "name": "PrePlan 1 - Movistar",
        "balance": "Ilimitado",
        "expirationDate": "2019-06-01T00:00:00",
        "frequency": "Recurrente",
        "quantity": "Ilimitado",
        "measure": "Seconds",
        "visible": false
      }
    ],
    "myConsumptions": [{
      "balance": "0.0",
      "quantity": "84.74",
      "visible": false
    }],
    "myBenefitsBalance": [{
        "name": "Fun Pack",
        "balance": "2048",
        "expirationDate": "2036-06-05T00:00:00.000-05:00",
        "frequency": "Autorrenovable",
        "quantity": "1024",
        "measure": "MB"
      },
      {
        "name": "Paquete 500 MB + 100 LDI",
        "balance": "50",
        "expirationDate": "2036-06-05T00:00:00.000-05:00",
        "frequency": "Autorrenovable",
        "quantity": "100",
        "measure": "min"
      }
    ],
    "wallets": [{
        "name": "A todo destino",
        "balance": "82.0",
        "expirationDate": "2017-07-08T23:59:59.000-05:00",
        "code": "1",
        "visible": false
      },
      {
        "name": "Minutos despierta",
        "balance": "10.0",
        "expirationDate": "2017-05-15T23:59:59.000-05:00",
        "code": "2",
        "visible": false
      }
    ],
    "cycleInfoRenewalDay": "15"
  }
}
