{
  "SearchResults": {
    "categories": [
      {
        "categoryName": "Todos",
        "categoryId": "1977246",
        "totalResultsInCategory": 48,
        "results": [
          {
            "sapId": "TMGPELG0E900NE0001",
            "characteristic": [
              {
                "name": "NFC",
                "code": "16624",
                "value": "No"
              },
              {
                "name": "Bluetooth",
                "code": "16394",
                "value": "Si"
              },
              {
                "name": "Conexión a PC",
                "code": "16424",
                "value": "Si"
              },
              {
                "name": "Mensajes multimedia (MMS)",
                "code": "16604",
                "value": "Si"
              },
              {
                "name": "GPS",
                "code": "16504",
                "value": "Si"
              },
              {
                "name": "Wifi",
                "code": "16814",
                "value": "Si"
              },
              {
                "name": "Mensajes de texto (SMS)",
                "code": "16594",
                "value": "Si"
              },
              {
                "name": "Correo Electronico",
                "code": "16434",
                "value": "Si"
              },
              {
                "name": "Zona Wifi",
                "code": "16824",
                "value": "No"
              },
              {
                "name": "Reproductor de música",
                "code": "16684",
                "value": "Si"
              },
              {
                "name": "Radio FM",
                "code": "16644",
                "value": "Si"
              },
              {
                "name": "Marcación por voz",
                "code": "16544",
                "value": "Si"
              },
              {
                "name": "Duración de la garantía del fabricante",
                "code": "9911",
                "value": "12 meses"
              },
              {
                "name": "Aplicaciones",
                "code": "16384",
                "value": "Facebook,"
              },
              {
                "name": "Grabadora De Voz",
                "code": "16514",
                "value": "Si"
              },
              {
                "name": "Tipo de Bateria",
                "code": "16764",
                "value": "Li-Ion de 1500 mAh"
              },
              {
                "name": "Duración de Bateria",
                "code": "16454",
                "value": "3.0 hrs"
              },
              {
                "name": "Tipo de Pantalla",
                "code": "16774",
                "value": "TOUCHPAD"
              },
              {
                "name": "Tamaño de Pantalla",
                "code": "16754",
                "value": "3.8\""
              },
              {
                "name": "Resolucion de Pantalla",
                "code": "16724",
                "value": "480 x 800 píxeles"
              },
              {
                "name": "Resolución Cámara Trasera",
                "code": "16714",
                "value": "5.0 MP"
              },
              {
                "name": "Zoom Cámara Frontal",
                "code": "16834",
                "value": "NA"
              },
              {
                "name": "Flash",
                "code": "16484",
                "value": "SI"
              },
              {
                "name": "Otras características de la cámara",
                "code": "16634",
                "value": "Flash incorporado. Zoom digital 8X. GPS (Guarda las coordenadas donde se tomó la fotografía) Tecla de acceso directo."
              },
              {
                "name": "Resolución Cámara Frontal",
                "code": "16704",
                "value": "NA"
              },
              {
                "name": "Zoom Cámara Trasera",
                "code": "16844",
                "value": "NA"
              },
              {
                "name": "Memoria RAM",
                "code": "16584",
                "value": "NA"
              },
              {
                "name": "Procesador",
                "code": "16664",
                "value": "NA"
              },
              {
                "name": "Memoria Expandible hasta",
                "code": "16564",
                "value": "NA"
              },
              {
                "name": "Versión Sistema Operativo",
                "code": "16804",
                "value": "Versión 7.0"
              },
              {
                "name": "Memoria Interna total",
                "code": "16574",
                "value": "16 GB"
              },
              {
                "name": "Sistema Operativo",
                "code": "16744",
                "value": "Windows Phone"
              },
              {
                "name": "Tipo de Teclado",
                "code": "16784",
                "value": "QWERTY virtual"
              },
              {
                "name": "Grupo de SIM",
                "code": "16524",
                "value": "Estandar"
              },
              {
                "name": "Modelo",
                "code": "9881",
                "value": "E900"
              },
              {
                "name": "Dimensiones",
                "code": "16444",
                "value": "125.0 mm. x 59.8 mm. x 11.5 mm."
              },
              {
                "name": "Marca",
                "code": "8811",
                "value": "LG"
              },
              {
                "name": "Tipo de dispositivo",
                "code": "9891",
                "value": "Smartphone"
              },
              {
                "name": "Color",
                "code": "16414",
                "value": "NEGRO"
              },
              {
                "name": "Tecnología de Red",
                "code": "800444",
                "value": "3G"
              },
              {
                "name": "Peso",
                "code": "16654",
                "value": "NA"
              },
              {
                "name": "Calidad de Video",
                "code": "16404",
                "value": "HD (alta definición)"
              },
              {
                "name": "Resolución de Video",
                "code": "16734",
                "value": "NA"
              },
              {
                "name": "Reproductor de Video",
                "code": "16694",
                "value": "SI"
              }
            ],
            "businessType": "DEVICE",
            "catalogItemID": "516354",
            "lob": [
              "WS"
            ],
            "containingOfferings": [
              {
                "offeringId": "516344",
                "offeringToProductIds": [
                  "516344_516354"
                ]
              }
            ],
            "catalogItemName": "3G LG E900 NEGRO NUEVO",
            "oneTimePrice": {
              "finalAmount": 28.00
            },
            "recurringPrice": {},
            "attachments": [
              {
                "purpose": "MA",
                "attachmentLocation": "http://www.movistar.com.pe/documents/80379/3600929/ico_movil_vert.png/066735f7-66bf-4b10-927d-823b0864bfbe?t=1454692802841",
                "type": "LVPIC"
              },
              {
                "purpose": "MA",
                "attachmentLocation": "http://www.movistar.com.pe/documents/80379/3600633/ico_movil_horiz.png/2acab631-ca16-4c41-b485-c4eaac1300cc?t=1454692755649",
                "type": "SMALLPIC"
              },
              {
                "purpose": "MA",
                "attachmentLocation": "NA",
                "type": "LVTXT"
              },
              {
                "purpose": "MA",
                "attachmentLocation": "NA",
                "type": "ADD"
              }
            ],
            "compatibleWithDevice": "NA",
            "catalogItemDescription": "3G LG E900 NEGRO NUEVO",
            "topRecommended": false,
            "catalogItemImage": "http://www.movistar.com.pe/documents/80379/3600929/ico_movil_vert.png/066735f7-66bf-4b10-927d-823b0864bfbe?t=1454692802841",
            "catalogItemDisplayName": "3G LG E900 NEGRO NUEVO",
            "bundle": false,
            "type": "PRODUCT_OFFERING"
          },
          {
            "sapId": "TMGPELG0D390BLM001",
            "characteristic": [
              {
                "name": "NFC",
                "code": "16624",
                "value": "No"
              },
              {
                "name": "Bluetooth",
                "code": "16394",
                "value": "Si"
              },
              {
                "name": "Conexión a PC",
                "code": "16424",
                "value": "Si"
              },
              {
                "name": "Mensajes multimedia (MMS)",
                "code": "16604",
                "value": "Si"
              },
              {
                "name": "GPS",
                "code": "16504",
                "value": "Si"
              },
              {
                "name": "Wifi",
                "code": "16814",
                "value": "Si"
              },
              {
                "name": "Mensajes de texto (SMS)",
                "code": "16594",
                "value": "Si"
              },
              {
                "name": "Correo Electronico",
                "code": "16434",
                "value": "Si"
              },
              {
                "name": "Zona Wifi",
                "code": "16824",
                "value": "Si"
              },
              {
                "name": "Reproductor de música",
                "code": "16684",
                "value": "Si"
              },
              {
                "name": "Radio FM",
                "code": "16644",
                "value": "No"
              },
              {
                "name": "Marcación por voz",
                "code": "16544",
                "value": "No"
              },
              {
                "name": "Duración de la garantía del fabricante",
                "code": "9911",
                "value": "12 meses"
              },
              {
                "name": "Aplicaciones",
                "code": "16384",
                "value": "Facebook,  Twitter,  Youtube,  Whatsapp,  se puede descargar más aplicaciones desde Play Store"
              },
              {
                "name": "Grabadora De Voz",
                "code": "16514",
                "value": "Si"
              },
              {
                "name": "Tipo de Bateria",
                "code": "16764",
                "value": "Li-Ion de 2100 mAh"
              },
              {
                "name": "Duración de Bateria",
                "code": "16454",
                "value": "8.0 hrs"
              },
              {
                "name": "Tipo de Pantalla",
                "code": "16774",
                "value": "TOUCHPAD"
              },
              {
                "name": "Tamaño de Pantalla",
                "code": "16754",
                "value": "4.5\""
              },
              {
                "name": "Resolucion de Pantalla",
                "code": "16724",
                "value": "800 x 480 píxeles"
              },
              {
                "name": "Resolución Cámara Trasera",
                "code": "16714",
                "value": "5.0 MP"
              },
              {
                "name": "Zoom Cámara Frontal",
                "code": "16834",
                "value": "NA"
              },
              {
                "name": "Flash",
                "code": "16484",
                "value": "SI"
              },
              {
                "name": "Otras características de la cámara",
                "code": "16634",
                "value": "No"
              },
              {
                "name": "Resolución Cámara Frontal",
                "code": "16704",
                "value": "0.3 MP"
              },
              {
                "name": "Zoom Cámara Trasera",
                "code": "16844",
                "value": "4X"
              },
              {
                "name": "Memoria RAM",
                "code": "16584",
                "value": "1 GB"
              },
              {
                "name": "Procesador",
                "code": "16664",
                "value": "Procesador quad-core de 1.2 GHz"
              },
              {
                "name": "Memoria Expandible hasta",
                "code": "16564",
                "value": "32.00 GB"
              },
              {
                "name": "Versión Sistema Operativo",
                "code": "16804",
                "value": "Versión 4.4.4 - KitKat"
              },
              {
                "name": "Memoria Interna total",
                "code": "16574",
                "value": "4.00 GB (1.09 GB de memoria para usuario)"
              },
              {
                "name": "Sistema Operativo",
                "code": "16744",
                "value": "Android"
              },
              {
                "name": "Tipo de Teclado",
                "code": "16784",
                "value": "QWERTY virtual"
              },
              {
                "name": "Grupo de SIM",
                "code": "16524",
                "value": "microSIM"
              },
              {
                "name": "Modelo",
                "code": "9881",
                "value": "D390 F60"
              },
              {
                "name": "Dimensiones",
                "code": "16444",
                "value": "127.5 mm. x 67.9 mm. x 10.6 mm."
              },
              {
                "name": "Marca",
                "code": "8811",
                "value": "LG"
              },
              {
                "name": "Tipo de dispositivo",
                "code": "9891",
                "value": "Smartphone"
              },
              {
                "name": "Color",
                "code": "16414",
                "value": "BLANCO"
              },
              {
                "name": "Tecnología de Red",
                "code": "800444",
                "value": "4G"
              },
              {
                "name": "Peso",
                "code": "16654",
                "value": "148.0 gr."
              },
              {
                "name": "Calidad de Video",
                "code": "16404",
                "value": "HD (alta definición)"
              },
              {
                "name": "Resolución de Video",
                "code": "16734",
                "value": "1920 x 1080 píxeles"
              },
              {
                "name": "Reproductor de Video",
                "code": "16694",
                "value": "SI"
              }
            ],
            "businessType": "DEVICE",
            "catalogItemID": "517854",
            "lob": [
              "WS"
            ],
            "containingOfferings": [
              {
                "offeringId": "517844",
                "offeringToProductIds": [
                  "517844_517854"
                ]
              }
            ],
            "catalogItemName": "4G LG D390 BLANCO NUEVO",
            "oneTimePrice": {
              "finalAmount": 28.00
            },
            "recurringPrice": {},
            "attachments": [
              {
                "purpose": "MA",
                "attachmentLocation": "http://www.movistar.com.pe/documents/80379/3601674/f60_1016_Big_Imagen.png/dc16f8a6-f9ea-4ded-b60f-cea366cacaaa?t=1454692873739",
                "type": "LVPIC"
              },
              {
                "purpose": "MA",
                "attachmentLocation": "http://www.movistar.com.pe/documents/80379/3601674/f60_1016_Thumb_Imagen.png/bac76539-7930-4b82-9034-041542086b26?t=1454692879441",
                "type": "SMALLPIC"
              },
              {
                "purpose": "MA",
                "attachmentLocation": "NA",
                "type": "LVTXT"
              },
              {
                "purpose": "MA",
                "attachmentLocation": "NA",
                "type": "ADD"
              }
            ],
            "compatibleWithDevice": "NA",
            "catalogItemDescription": "4G LG D390 BLANCO NUEVO",
            "topRecommended": false,
            "catalogItemImage": "http://www.movistar.com.pe/documents/80379/3601674/f60_1016_Big_Imagen.png/dc16f8a6-f9ea-4ded-b60f-cea366cacaaa?t=1454692873739",
            "catalogItemDisplayName": "4G LG D390 BLANCO NUEVO",
            "bundle": false,
            "type": "PRODUCT_OFFERING"
          },
          {
            "sapId": "TMGPELG0D390NEM001",
            "characteristic": [
              {
                "name": "NFC",
                "code": "16624",
                "value": "No"
              },
              {
                "name": "Bluetooth",
                "code": "16394",
                "value": "Si"
              },
              {
                "name": "Conexión a PC",
                "code": "16424",
                "value": "Si"
              },
              {
                "name": "Mensajes multimedia (MMS)",
                "code": "16604",
                "value": "Si"
              },
              {
                "name": "GPS",
                "code": "16504",
                "value": "Si"
              },
              {
                "name": "Wifi",
                "code": "16814",
                "value": "Si"
              },
              {
                "name": "Mensajes de texto (SMS)",
                "code": "16594",
                "value": "Si"
              },
              {
                "name": "Correo Electronico",
                "code": "16434",
                "value": "Si"
              },
              {
                "name": "Zona Wifi",
                "code": "16824",
                "value": "Si"
              },
              {
                "name": "Reproductor de música",
                "code": "16684",
                "value": "Si"
              },
              {
                "name": "Radio FM",
                "code": "16644",
                "value": "No"
              },
              {
                "name": "Marcación por voz",
                "code": "16544",
                "value": "No"
              },
              {
                "name": "Duración de la garantía del fabricante",
                "code": "9911",
                "value": "12 meses"
              },
              {
                "name": "Aplicaciones",
                "code": "16384",
                "value": "Facebook,  Twitter,  Youtube,  Whatsapp,  se puede descargar más aplicaciones desde Play Store"
              },
              {
                "name": "Grabadora De Voz",
                "code": "16514",
                "value": "Si"
              },
              {
                "name": "Tipo de Bateria",
                "code": "16764",
                "value": "Li-Ion de 2100 mAh"
              },
              {
                "name": "Duración de Bateria",
                "code": "16454",
                "value": "8.0 hrs"
              },
              {
                "name": "Tipo de Pantalla",
                "code": "16774",
                "value": "TOUCHPAD"
              },
              {
                "name": "Tamaño de Pantalla",
                "code": "16754",
                "value": "4.5\""
              },
              {
                "name": "Resolucion de Pantalla",
                "code": "16724",
                "value": "800 x 480 píxeles"
              },
              {
                "name": "Resolución Cámara Trasera",
                "code": "16714",
                "value": "5.0 MP"
              },
              {
                "name": "Zoom Cámara Frontal",
                "code": "16834",
                "value": "NA"
              },
              {
                "name": "Flash",
                "code": "16484",
                "value": "SI"
              },
              {
                "name": "Otras características de la cámara",
                "code": "16634",
                "value": "No"
              },
              {
                "name": "Resolución Cámara Frontal",
                "code": "16704",
                "value": "0.3 MP"
              },
              {
                "name": "Zoom Cámara Trasera",
                "code": "16844",
                "value": "4X"
              },
              {
                "name": "Memoria RAM",
                "code": "16584",
                "value": "1 GB"
              },
              {
                "name": "Procesador",
                "code": "16664",
                "value": "Procesador quad-core de 1.2 GHz"
              },
              {
                "name": "Memoria Expandible hasta",
                "code": "16564",
                "value": "32.00 GB"
              },
              {
                "name": "Versión Sistema Operativo",
                "code": "16804",
                "value": "Versión 4.4.4 - KitKat"
              },
              {
                "name": "Memoria Interna total",
                "code": "16574",
                "value": "4.00 GB (1.09 GB de memoria para usuario)"
              },
              {
                "name": "Sistema Operativo",
                "code": "16744",
                "value": "Android"
              },
              {
                "name": "Tipo de Teclado",
                "code": "16784",
                "value": "QWERTY virtual"
              },
              {
                "name": "Grupo de SIM",
                "code": "16524",
                "value": "microSIM"
              },
              {
                "name": "Modelo",
                "code": "9881",
                "value": "D390 F60"
              },
              {
                "name": "Dimensiones",
                "code": "16444",
                "value": "127.5 mm. x 67.9 mm. x 10.6 mm."
              },
              {
                "name": "Marca",
                "code": "8811",
                "value": "LG"
              },
              {
                "name": "Tipo de dispositivo",
                "code": "9891",
                "value": "Smartphone"
              },
              {
                "name": "Color",
                "code": "16414",
                "value": "NEGRO"
              },
              {
                "name": "Tecnología de Red",
                "code": "800444",
                "value": "4G"
              },
              {
                "name": "Peso",
                "code": "16654",
                "value": "148.0 gr."
              },
              {
                "name": "Calidad de Video",
                "code": "16404",
                "value": "HD (alta definición)"
              },
              {
                "name": "Resolución de Video",
                "code": "16734",
                "value": "1920 x 1080 píxeles"
              },
              {
                "name": "Reproductor de Video",
                "code": "16694",
                "value": "SI"
              }
            ],
            "businessType": "DEVICE",
            "catalogItemID": "517824",
            "lob": [
              "WS"
            ],
            "containingOfferings": [
              {
                "offeringId": "517814",
                "offeringToProductIds": [
                  "517814_517824"
                ]
              }
            ],
            "catalogItemName": "4G LG D390 NEGRO NUEVO",
            "oneTimePrice": {
              "finalAmount": 28.00
            },
            "recurringPrice": {},
            "attachments": [
              {
                "purpose": "MA",
                "attachmentLocation": "http://www.movistar.com.pe/documents/80379/3601674/f60_1016_Big_Imagen.png/dc16f8a6-f9ea-4ded-b60f-cea366cacaaa?t=1454692873739",
                "type": "LVPIC"
              },
              {
                "purpose": "MA",
                "attachmentLocation": "http://www.movistar.com.pe/documents/80379/3601674/f60_1016_Thumb_Imagen.png/bac76539-7930-4b82-9034-041542086b26?t=1454692879441",
                "type": "SMALLPIC"
              },
              {
                "purpose": "MA",
                "attachmentLocation": "NA",
                "type": "LVTXT"
              },
              {
                "purpose": "MA",
                "attachmentLocation": "NA",
                "type": "ADD"
              }
            ],
            "compatibleWithDevice": "NA",
            "catalogItemDescription": "4G LG D390 NEGRO NUEVO",
            "topRecommended": false,
            "catalogItemImage": "http://www.movistar.com.pe/documents/80379/3601674/f60_1016_Big_Imagen.png/dc16f8a6-f9ea-4ded-b60f-cea366cacaaa?t=1454692873739",
            "catalogItemDisplayName": "4G LG D390 NEGRO NUEVO",
            "bundle": false,
            "type": "PRODUCT_OFFERING"
          }
        ],
        "itemsPerCategory": 3
      }
    ]
  }
}
