{
  "Cart": {
    "currentSalesChannel": "Web (SS)",
    "originatingSalesChannel": "Web (SS)",
    "oneTimePrice": {
      "finalAmount": 0.00,
      "finalTaxAmount": 0.00,
      "originalAmount": 0.00
    },
    "recurringPrice": {
      "finalAmountWithTax": 150.00,
      "finalAmount": 127.12,
      "finalTaxAmount": 22.88,
      "originalTaxAmount": 22.88,
      "originalAmount": 127.12,
      "frequency": "MONTH",
      "proratedAmount": 84.66,
      "proratedDiscountAmount": 0.00,
      "proratedTaxAmount": 0.00
    },
    "orderAction": "CH",
    "implImmediateChargeForOrderImpl": {},
    "billingAccountX9": "600000799",
    "previousRecurringPrice": {
      "finalAmountWithTax": 99.90,
      "amount": 84.66,
      "taxAmount": 15.24
    },
    "immediatePriceX9": {
      "finalAmount": 0.00,
      "finalTaxAmount": 0.00,
      "originalAmount": 0.00
    },
    "returnFlowIndX9": false,
    "items": [{
      "plan": [{
          "catalogItemID": "1781393",
          "catalogItemName": "Plan Ahorro RPM S/. 150 - I",
          "planTypeX9": "BOTH",
          "oneTimePrice": {
            "finalAmount": 0.00,
            "finalTaxAmount": 0.00,
            "originalAmount": 0.00
          },
          "recurringPrice": {
            "finalAmountWithTax": 150.00,
            "finalAmount": 127.12,
            "finalTaxAmount": 22.88,
            "originalTaxAmount": 22.88,
            "originalAmount": 0.00,
            "frequency": "MONTH",
            "proratedAmount": 0.00,
            "proratedDiscountAmount": 0.00,
            "proratedTaxAmount": 0.00
          },
          "previousRecurringPrice": {
            "finalAmountWithTax": 0.00,
            "amount": 0.00,
            "taxAmount": 0.00
          },
          "id": "1705823030",
          "action": "ADD"
        },
        {
          "catalogItemID": "92594",
          "catalogItemName": "Plan Vuela Plus S/99.90",
          "planTypeX9": "POST",
          "oneTimePrice": {
            "finalAmount": 0.00,
            "finalTaxAmount": 0.00,
            "originalAmount": 0.00
          },
          "recurringPrice": {
            "finalAmountWithTax": 0.00,
            "finalAmount": 0.00,
            "finalTaxAmount": 0.00,
            "originalTaxAmount": 0.00,
            "originalAmount": 0.00,
            "frequency": "MONTH",
            "proratedAmount": 0.00,
            "proratedDiscountAmount": 0.00,
            "proratedTaxAmount": 0.00
          },
          "previousRecurringPrice": {
            "finalAmountWithTax": 0.00,
            "amount": 0.00,
            "taxAmount": 0.00
          },
          "id": "1705751743",
          "action": "REMOVE"
        }
      ],
      "productName": "Componente Principal de Móvil",
      "services": [{
          "catalogItemID": "6321",
          "catalogItemName": "Servicios Adicionales",
          "businessType": "REGULAR",
          "oneTimePrice": {
            "finalAmount": 0.00,
            "finalTaxAmount": 0.00,
            "originalAmount": 0.00
          },
          "recurringPrice": {
            "finalAmountWithTax": 0.00,
            "finalAmount": 0.00,
            "finalTaxAmount": 0.00,
            "originalTaxAmount": 0.00,
            "originalAmount": 0.00,
            "frequency": "MONTH",
            "proratedAmount": 0.00,
            "proratedDiscountAmount": 0.00,
            "proratedTaxAmount": 0.00
          },
          "previousRecurringPrice": {
            "finalAmountWithTax": 0.00,
            "amount": 0.00,
            "taxAmount": 0.00
          },
          "immediatePriceX9": {
            "finalAmount": 0.00,
            "finalTaxAmount": 0.00,
            "originalAmount": 0.00
          },
          "relationToParentID": "7361",
          "id": "1705823029",
          "action": "ADD",
          "status": "ACTIVE",
          "serviceType": "GROUP"
        },
        {
          "catalogItemID": "5371",
          "catalogItemName": "Datos",
          "businessType": "REGULAR",
          "oneTimePrice": {
            "finalAmount": 0.00,
            "finalTaxAmount": 0.00,
            "originalAmount": 0.00
          },
          "recurringPrice": {
            "finalAmountWithTax": 0.00,
            "finalAmount": 0.00,
            "finalTaxAmount": 0.00,
            "originalTaxAmount": 0.00,
            "originalAmount": 0.00,
            "frequency": "MONTH",
            "proratedAmount": 0.00,
            "proratedDiscountAmount": 0.00,
            "proratedTaxAmount": 0.00
          },
          "previousRecurringPrice": {
            "finalAmountWithTax": 0.00,
            "amount": 0.00,
            "taxAmount": 0.00
          },
          "immediatePriceX9": {
            "finalAmount": 0.00,
            "finalTaxAmount": 0.00,
            "originalAmount": 0.00
          },
          "relationToParentID": "7201",
          "id": "1705751729",
          "action": "CHANGE",
          "status": "ACTIVE",
          "serviceType": "GROUP"
        },
        {
          "catalogItemID": "6671",
          "catalogItemName": "Friends & Family - F&F (Dúos)",
          "businessType": "REGULAR",
          "oneTimePrice": {
            "finalAmount": 0.00,
            "finalTaxAmount": 0.00,
            "originalAmount": 0.00
          },
          "recurringPrice": {
            "finalAmountWithTax": 0.00,
            "finalAmount": 0.00,
            "finalTaxAmount": 0.00,
            "originalTaxAmount": 0.00,
            "originalAmount": 0.00,
            "frequency": "MONTH",
            "proratedAmount": 0.00,
            "proratedDiscountAmount": 0.00,
            "proratedTaxAmount": 0.00
          },
          "previousRecurringPrice": {
            "finalAmountWithTax": 0.00,
            "amount": 0.00,
            "taxAmount": 0.00
          },
          "immediatePriceX9": {
            "finalAmount": 0.00,
            "finalTaxAmount": 0.00,
            "originalAmount": 0.00
          },
          "relationToParentID": "7461",
          "id": "1705751731",
          "action": "CHANGE",
          "status": "ACTIVE",
          "serviceType": "GROUP"
        },
        {
          "catalogItemID": "5821",
          "catalogItemName": "Internacional (LDI)",
          "businessType": "REGULAR",
          "oneTimePrice": {
            "finalAmount": 0.00,
            "finalTaxAmount": 0.00,
            "originalAmount": 0.00
          },
          "recurringPrice": {
            "finalAmountWithTax": 0.00,
            "finalAmount": 0.00,
            "finalTaxAmount": 0.00,
            "originalTaxAmount": 0.00,
            "originalAmount": 0.00,
            "frequency": "MONTH",
            "proratedAmount": 0.00,
            "proratedDiscountAmount": 0.00,
            "proratedTaxAmount": 0.00
          },
          "previousRecurringPrice": {
            "finalAmountWithTax": 0.00,
            "amount": 0.00,
            "taxAmount": 0.00
          },
          "immediatePriceX9": {
            "finalAmount": 0.00,
            "finalTaxAmount": 0.00,
            "originalAmount": 0.00
          },
          "relationToParentID": "7321",
          "id": "1705751735",
          "action": "CHANGE",
          "status": "ACTIVE",
          "serviceType": "GROUP"
        },
        {
          "catalogItemID": "6071",
          "catalogItemName": "Mensajería (SMS)",
          "businessType": "REGULAR",
          "oneTimePrice": {
            "finalAmount": 0.00,
            "finalTaxAmount": 0.00,
            "originalAmount": 0.00
          },
          "recurringPrice": {
            "finalAmountWithTax": 0.00,
            "finalAmount": 0.00,
            "finalTaxAmount": 0.00,
            "originalTaxAmount": 0.00,
            "originalAmount": 0.00,
            "frequency": "MONTH",
            "proratedAmount": 0.00,
            "proratedDiscountAmount": 0.00,
            "proratedTaxAmount": 0.00
          },
          "previousRecurringPrice": {
            "finalAmountWithTax": 0.00,
            "amount": 0.00,
            "taxAmount": 0.00
          },
          "immediatePriceX9": {
            "finalAmount": 0.00,
            "finalTaxAmount": 0.00,
            "originalAmount": 0.00
          },
          "relationToParentID": "7241",
          "id": "1705751737",
          "action": "CHANGE",
          "status": "ACTIVE",
          "serviceType": "GROUP"
        },
        {
          "catalogItemID": "5671",
          "catalogItemName": "Tarjeta SIM",
          "businessType": "REGULAR",
          "oneTimePrice": {
            "finalAmount": 0.00,
            "finalTaxAmount": 0.00,
            "originalAmount": 0.00
          },
          "recurringPrice": {
            "finalAmountWithTax": 0.00,
            "finalAmount": 0.00,
            "finalTaxAmount": 0.00,
            "originalTaxAmount": 0.00,
            "originalAmount": 0.00,
            "frequency": "MONTH",
            "proratedAmount": 0.00,
            "proratedDiscountAmount": 0.00,
            "proratedTaxAmount": 0.00
          },
          "previousRecurringPrice": {
            "finalAmountWithTax": 0.00,
            "amount": 0.00,
            "taxAmount": 0.00
          },
          "immediatePriceX9": {
            "finalAmount": 0.00,
            "finalTaxAmount": 0.00,
            "originalAmount": 0.00
          },
          "dynamicPropertiesX9": [{
            "name": "SAP_ID",
            "value": "TSPE41282F3R510201"
          }],
          "relationToParentID": "7431",
          "id": "1705751749",
          "action": "CHANGE",
          "status": "ACTIVE"
        },
        {
          "catalogItemID": "5071",
          "catalogItemName": "Voz",
          "businessType": "REGULAR",
          "oneTimePrice": {
            "finalAmount": 0.00,
            "finalTaxAmount": 0.00,
            "originalAmount": 0.00
          },
          "recurringPrice": {
            "finalAmountWithTax": 0.00,
            "finalAmount": 0.00,
            "finalTaxAmount": 0.00,
            "originalTaxAmount": 0.00,
            "originalAmount": 0.00,
            "frequency": "MONTH",
            "proratedAmount": 0.00,
            "proratedDiscountAmount": 0.00,
            "proratedTaxAmount": 0.00
          },
          "previousRecurringPrice": {
            "finalAmountWithTax": 0.00,
            "amount": 0.00,
            "taxAmount": 0.00
          },
          "immediatePriceX9": {
            "finalAmount": 0.00,
            "finalTaxAmount": 0.00,
            "originalAmount": 0.00
          },
          "relationToParentID": "7131",
          "id": "1705751753",
          "action": "CHANGE",
          "status": "ACTIVE",
          "serviceType": "GROUP"
        },
        {
          "catalogItemID": "6221",
          "catalogItemName": "Paquetes de SMS",
          "businessType": "REGULAR",
          "oneTimePrice": {
            "finalAmount": 0.00,
            "finalTaxAmount": 0.00,
            "originalAmount": 0.00
          },
          "recurringPrice": {
            "finalAmountWithTax": 0.00,
            "finalAmount": 0.00,
            "finalTaxAmount": 0.00,
            "originalTaxAmount": 0.00,
            "originalAmount": 0.00,
            "frequency": "MONTH",
            "proratedAmount": 0.00,
            "proratedDiscountAmount": 0.00,
            "proratedTaxAmount": 0.00
          },
          "previousRecurringPrice": {
            "finalAmountWithTax": 0.00,
            "amount": 0.00,
            "taxAmount": 0.00
          },
          "immediatePriceX9": {
            "finalAmount": 0.00,
            "finalTaxAmount": 0.00,
            "originalAmount": 0.00
          },
          "relationToParentID": "2016597",
          "id": "1705751741",
          "action": "CHANGE",
          "status": "ACTIVE",
          "serviceType": "SERVICE"
        },
        {
          "catalogItemID": "6721",
          "catalogItemName": "Friends & Family - F&F en plan",
          "businessType": "REGULAR",
          "oneTimePrice": {
            "finalAmount": 0.00,
            "finalTaxAmount": 0.00,
            "originalAmount": 0.00
          },
          "recurringPrice": {
            "finalAmountWithTax": 0.00,
            "finalAmount": 0.00,
            "finalTaxAmount": 0.00,
            "originalTaxAmount": 0.00,
            "originalAmount": 0.00,
            "frequency": "MONTH",
            "proratedAmount": 0.00,
            "proratedDiscountAmount": 0.00,
            "proratedTaxAmount": 0.00
          },
          "pricePackages": [{
            "catalogItemID": "1038031",
            "catalogItemName": "BO Tecnico F&F en Plan",
            "oneTimePrice": {
              "finalAmount": 0.00,
              "finalTaxAmount": 0.00,
              "originalAmount": 0.00
            },
            "recurringPrice": {
              "finalAmountWithTax": 0.00,
              "finalAmount": 0.00,
              "finalTaxAmount": 0.00,
              "originalTaxAmount": 0.00,
              "originalAmount": 0.00,
              "frequency": "MONTH",
              "proratedAmount": 0.00,
              "proratedDiscountAmount": 0.00,
              "proratedTaxAmount": 0.00
            },
            "previousRecurringPrice": {
              "finalAmountWithTax": 0.00,
              "amount": 0.00,
              "taxAmount": 0.00
            },
            "id": "1705751734",
            "action": "REMOVE"
          }],
          "previousRecurringPrice": {
            "finalAmountWithTax": 0.00,
            "amount": 0.00,
            "taxAmount": 0.00
          },
          "immediatePriceX9": {
            "finalAmount": 0.00,
            "finalTaxAmount": 0.00,
            "originalAmount": 0.00
          },
          "relationToParentID": "239054",
          "id": "1705751733",
          "action": "REMOVE",
          "status": "PROPOSED",
          "serviceType": "SERVICE"
        },
        {
          "catalogItemID": "5471",
          "catalogItemName": "Paquete de Datos",
          "businessType": "REGULAR",
          "oneTimePrice": {
            "finalAmount": 0.00,
            "finalTaxAmount": 0.00,
            "originalAmount": 0.00
          },
          "recurringPrice": {
            "finalAmountWithTax": 0.00,
            "finalAmount": 0.00,
            "finalTaxAmount": 0.00,
            "originalTaxAmount": 0.00,
            "originalAmount": 0.00,
            "frequency": "MONTH",
            "proratedAmount": 0.00,
            "proratedDiscountAmount": 0.00,
            "proratedTaxAmount": 0.00
          },
          "previousRecurringPrice": {
            "finalAmountWithTax": 0.00,
            "amount": 0.00,
            "taxAmount": 0.00
          },
          "immediatePriceX9": {
            "finalAmount": 0.00,
            "finalTaxAmount": 0.00,
            "originalAmount": 0.00
          },
          "relationToParentID": "2016587",
          "id": "1705751730",
          "action": "CHANGE",
          "status": "ACTIVE",
          "serviceType": "SERVICE"
        },
        {
          "catalogItemID": "5221",
          "catalogItemName": "Paquetes de Voz",
          "businessType": "REGULAR",
          "oneTimePrice": {
            "finalAmount": 0.00,
            "finalTaxAmount": 0.00,
            "originalAmount": 0.00
          },
          "recurringPrice": {
            "finalAmountWithTax": 0.00,
            "finalAmount": 0.00,
            "finalTaxAmount": 0.00,
            "originalTaxAmount": 0.00,
            "originalAmount": 0.00,
            "frequency": "MONTH",
            "proratedAmount": 0.00,
            "proratedDiscountAmount": 0.00,
            "proratedTaxAmount": 0.00
          },
          "previousRecurringPrice": {
            "finalAmountWithTax": 0.00,
            "amount": 0.00,
            "taxAmount": 0.00
          },
          "immediatePriceX9": {
            "finalAmount": 0.00,
            "finalTaxAmount": 0.00,
            "originalAmount": 0.00
          },
          "relationToParentID": "2016577",
          "id": "1705751755",
          "action": "CHANGE",
          "status": "ACTIVE",
          "serviceType": "SERVICE"
        },
        {
          "catalogItemID": "5871",
          "catalogItemName": "Paquetes de Larga Distancia Internacional",
          "businessType": "REGULAR",
          "oneTimePrice": {
            "finalAmount": 0.00,
            "finalTaxAmount": 0.00,
            "originalAmount": 0.00
          },
          "recurringPrice": {
            "finalAmountWithTax": 0.00,
            "finalAmount": 0.00,
            "finalTaxAmount": 0.00,
            "originalTaxAmount": 0.00,
            "originalAmount": 0.00,
            "frequency": "MONTH",
            "proratedAmount": 0.00,
            "proratedDiscountAmount": 0.00,
            "proratedTaxAmount": 0.00
          },
          "previousRecurringPrice": {
            "finalAmountWithTax": 0.00,
            "amount": 0.00,
            "taxAmount": 0.00
          },
          "immediatePriceX9": {
            "finalAmount": 0.00,
            "finalTaxAmount": 0.00,
            "originalAmount": 0.00
          },
          "relationToParentID": "2016627",
          "id": "1705751736",
          "action": "CHANGE",
          "status": "ACTIVE",
          "serviceType": "SERVICE"
        }
      ],
      "productId": "1705751727",
      "lob": "WS",
      "productOfferingId": "1353611",
      "oneTimePrice": {
        "finalAmount": 0.00,
        "finalTaxAmount": 0.00,
        "originalAmount": 0.00,
        "currency": "PEN"
      },
      "recurringPrice": {
        "finalAmountWithTax": 150.00,
        "finalAmount": 127.12,
        "finalTaxAmount": 22.88,
        "originalTaxAmount": 22.88,
        "originalAmount": 127.12,
        "frequency": "MONTH",
        "proratedAmount": 84.66,
        "proratedDiscountAmount": 0.00,
        "proratedTaxAmount": 0.00
      },
      "productServiceId": "920508483",
      "devices": [{
        "brand": "NA",
        "catalogItemID": "5721",
        "catalogItemName": "Dispositivo",
        "oneTimePrice": {
          "finalAmount": 0.00,
          "finalTaxAmount": 0.00,
          "originalAmount": 0.00
        },
        "recurringPrice": {
          "finalAmountWithTax": 0.00,
          "finalAmount": 0.00,
          "finalTaxAmount": 0.00,
          "originalTaxAmount": 0.00,
          "originalAmount": 0.00,
          "frequency": "MONTH",
          "proratedAmount": 0.00,
          "proratedDiscountAmount": 0.00,
          "proratedTaxAmount": 0.00
        },
        "acquisitionTypeX9": "AcquisitionType",
        "previousRecurringPrice": {
          "finalAmountWithTax": 0.00,
          "amount": 0.00,
          "taxAmount": 0.00
        },
        "immediatePriceX9": {
          "finalAmount": 0.00,
          "finalTaxAmount": 0.00,
          "originalAmount": 0.00
        },
        "isPostpagoFacilX9": "No",
        "dynamicPropertiesX9": [{
            "name": "IMEI",
            "value": "123456789100000"
          },
          {
            "name": "ShipmentAllowed",
            "value": "Yes"
          }
        ],
        "referenceItem": true,
        "id": "1705751748",
        "action": "CHANGE"
      }],
      "equipment": false,
      "ownDeviceX9": false,
      "fonoYa": false,
      "sharedProduct": false,
      "productCatalogId": "4971",
      "id": "1826537"
    }],
    "currency": "PEN",
    "id": "1826530A"
  }
}
