{
  "ImplRetrieveCustomerProblemDetailsResponse": {
    "customerProblems": [
      {
        "communicationMethod": "Email",
        "email": "oblitas_2122@hotmail.com",
        "correlativoId": "VINF-1257-2017",
        "flexAttrsSet": {
          "Región de presentación del reclamo": "11-Ica",
          "Indica si el cliente autoriza SI/NO  a ser notificado por correo electrónico": "Sí",
          "Numero de la Suscripción": "Default"
        },
        "category": "Reclamo de información",
        "subCategory": "Información IVR - consumos y saldos",
        "addressDetails": {
          "streetName": "SAN LUIS",
          "streetNumber": "1022",
          "city": "LIMA",
          "state": "LIMA"
        },
        "validOpenStatusList": [
          "Abierto",
          "Fundado",
          "Infundado",
          "Improcedente",
          "Parcialmente Fundado",
          "Reclamo calidad",
          "Queja"
        ],
        "customerDetails": {
          "customerId": "40060966",
          "name": "ROMAN RICARDO LEON GOMEZ"
        },
        "individualDetails": {
          "name": "ROMAN RICARDO LEON GOMEZ",
          "ID": "127948308"
        },
        "conditionId": "WFL_GEN_RES_STATE_OPEN",
        "conditionName": "Abierto",
        "reporterName": "ROMAN RICARDO LEON GOMEZ",
        "severityTitle": "High",
        "priorityTitle": "High",
        "reopenAllowed": false,
        "billingEntity": {
          "type": "SUBSCRIPTION",
          "ID": "74505428"
        },
        "closeAllowed": false,
        "validOpenStatusListTitle": [
          "New Case",
          "Approved",
          "Rejected Notification",
          "Unfair",
          "Partial Approved",
          "Reclamo calidad",
          "Complaint"
        ],
        "associatedItem": {
          "type": "SUBSCRIPTION",
          "ID": "74505428"
        },
        "creationDate": 1485167640000,
        "name": "Reclamo de información - Veracidad de la informacion - No se informo minutos cos",
        "priority": "Alta",
        "severity": "Alta",
        "status": "Abierto",
        "ID": "2732"
      }
    ]
  }
}
