{
  "ImplRetrieveInvoiceListRestOutput": {
    "status": "success",
    "statusCode": 0,
    "implInvoiceLists": [{
      "invoiceId": 74802094,
      "taxAmount": 10.67,
      "amount": 59.3,
      "dueDate": 1532408400000,
      "currency": "PEN",
      "invoiceType": "BILL",
      "billingInvoiceNumber": "M05150003628704",
      "docType": "M",
      "issueDate": 1530766800000,
      "invoiceStatus": "C",
      "invoiceBalance": 0.0,
      "originalBalanceAmount": 69.95,
      "restrictionAmount": 25.4,
      "restrictionTaxAmount": 4.57,
      "disputeNetAmount": 0.0,
      "disputeTaxAmount": 0.0,
      "discountNetAmount": -25.4,
      "discountTaxAmount": -4.57,
      "invoiceCreationDate": 1531285200000
    }, {
      "invoiceId": 78395239,
      "taxAmount": 0.76,
      "amount": 4.24,
      "dueDate": 1532367730000,
      "currency": "PEN",
      "invoiceType": "RCG",
      "billingInvoiceNumber": "BIYJ-00011429",
      "docType": "BO",
      "issueDate": 1532322000000,
      "docStatus": "Waiting",
      "invoiceStatus": "C",
      "invoiceBalance": 0.0,
      "originalBalanceAmount": 5.0,
      "restrictionAmount": 0.0,
      "restrictionTaxAmount": 0.0,
      "disputeNetAmount": 0.0,
      "disputeTaxAmount": 0.0,
      "discountNetAmount": 0.0,
      "discountTaxAmount": 0.0,
      "invoiceCreationDate": 1532322000000
    }, {
      "invoiceId": 84467597,
      "taxAmount": 10.67,
      "amount": 59.28,
      "dueDate": 1535086800000,
      "currency": "PEN",
      "invoiceType": "BILL",
      "billingInvoiceNumber": "M05150004113605",
      "docType": "M",
      "issueDate": 1533445200000,
      "invoiceStatus": "C",
      "invoiceBalance": 0.0,
      "originalBalanceAmount": 69.95,
      "restrictionAmount": 25.4,
      "restrictionTaxAmount": 4.57,
      "disputeNetAmount": 0.0,
      "disputeTaxAmount": 0.0,
      "discountNetAmount": -25.4,
      "discountTaxAmount": -4.57,
      "invoiceCreationDate": 1534222800000
    }, {
      "invoiceId": 92572251,
      "taxAmount": 10.67,
      "amount": 59.26,
      "dueDate": 1537765200000,
      "currency": "PEN",
      "invoiceType": "BILL",
      "billingInvoiceNumber": "M05150004637461",
      "docType": "M",
      "issueDate": 1536123600000,
      "invoiceStatus": "C",
      "invoiceBalance": 0.0,
      "originalBalanceAmount": 69.9,
      "restrictionAmount": 25.4,
      "restrictionTaxAmount": 4.57,
      "disputeNetAmount": 0.0,
      "disputeTaxAmount": 0.0,
      "discountNetAmount": -25.4,
      "discountTaxAmount": -4.57,
      "invoiceCreationDate": 1537074000000
    }, {
      "invoiceId": 100412157,
      "taxAmount": 10.67,
      "amount": 59.29,
      "dueDate": 1540357200000,
      "currency": "PEN",
      "invoiceType": "BILL",
      "billingInvoiceNumber": "M05150005177052",
      "docType": "M",
      "issueDate": 1538715600000,
      "invoiceStatus": "C",
      "invoiceBalance": 0.0,
      "originalBalanceAmount": 69.95,
      "restrictionAmount": 65.54,
      "restrictionTaxAmount": 11.79,
      "disputeNetAmount": 0.0,
      "disputeTaxAmount": 0.0,
      "discountNetAmount": -25.4,
      "discountTaxAmount": -4.57,
      "invoiceCreationDate": 1539320400000
    }, {
      "invoiceId": 102150999,
      "taxAmount": 1.53,
      "amount": 8.47,
      "dueDate": 1539716929000,
      "currency": "PEN",
      "invoiceType": "RCG",
      "billingInvoiceNumber": "BIYJ-00027092",
      "docType": "BO",
      "issueDate": 1539666000000,
      "docStatus": "Waiting",
      "invoiceStatus": "C",
      "invoiceBalance": 0.0,
      "originalBalanceAmount": 10.0,
      "restrictionAmount": 0.0,
      "restrictionTaxAmount": 0.0,
      "disputeNetAmount": 0.0,
      "disputeTaxAmount": 0.0,
      "discountNetAmount": 0.0,
      "discountTaxAmount": 0.0,
      "invoiceCreationDate": 1539666000000
    }, {
      "invoiceId": 105249488,
      "taxAmount": 0.76,
      "amount": 4.24,
      "dueDate": 1540308144000,
      "currency": "PEN",
      "invoiceType": "RCG",
      "billingInvoiceNumber": "BIYJ-00028751",
      "docType": "BO",
      "issueDate": 1540270800000,
      "docStatus": "Approved",
      "invoiceStatus": "C",
      "invoiceBalance": 0.0,
      "originalBalanceAmount": 5.0,
      "restrictionAmount": 0.0,
      "restrictionTaxAmount": 0.0,
      "disputeNetAmount": 0.0,
      "disputeTaxAmount": 0.0,
      "discountNetAmount": 0.0,
      "discountTaxAmount": 0.0,
      "invoiceCreationDate": 1540270800000
    }, {
      "invoiceId": 109230268,
      "taxAmount": 3.1,
      "amount": 17.21,
      "dueDate": 1542085200000,
      "currency": "PEN",
      "invoiceType": "BILL",
      "billingInvoiceNumber": "CJFE-13303346",
      "docType": "CN",
      "issueDate": 1541394000000,
      "docStatus": "Waiting",
      "invoiceStatus": "C",
      "invoiceBalance": 0.0,
      "originalBalanceAmount": -47.36,
      "restrictionAmount": 17.21,
      "restrictionTaxAmount": 3.1,
      "disputeNetAmount": 0.0,
      "disputeTaxAmount": 0.0,
      "discountNetAmount": 0.0,
      "discountTaxAmount": 0.0,
      "invoiceCreationDate": 1542085200000
    }, {
      "invoiceId": 111067792,
      "taxAmount": 18.96,
      "amount": 105.38,
      "dueDate": 1543035600000,
      "currency": "PEN",
      "invoiceType": "BILL",
      "billingInvoiceNumber": "M05150005722530",
      "docType": "M",
      "issueDate": 1541394000000,
      "invoiceStatus": "C",
      "invoiceBalance": 0.0,
      "originalBalanceAmount": 124.3,
      "restrictionAmount": 47.57,
      "restrictionTaxAmount": 8.56,
      "disputeNetAmount": 0.0,
      "disputeTaxAmount": 0.0,
      "discountNetAmount": -45.16,
      "discountTaxAmount": -8.13,
      "invoiceCreationDate": 1542085200000
    }, {
      "invoiceId": 111743916,
      "taxAmount": 551.9,
      "amount": 3066.1,
      "dueDate": 1542430800000,
      "currency": "PEN",
      "invoiceType": "EQP",
      "billingInvoiceNumber": "BLAN-00000519",
      "docType": "BO",
      "issueDate": 1542430800000,
      "docStatus": "Waiting",
      "invoiceStatus": "C",
      "invoiceBalance": 0.0,
      "originalBalanceAmount": 3618.0,
      "restrictionAmount": 0.0,
      "restrictionTaxAmount": 0.0,
      "disputeNetAmount": 0.0,
      "disputeTaxAmount": 0.0,
      "discountNetAmount": 0.0,
      "discountTaxAmount": 0.0,
      "invoiceCreationDate": 1542430800000
    }, {
      "invoiceId": 121922800,
      "taxAmount": 0.31,
      "amount": 202.74,
      "dueDate": 1545627600000,
      "currency": "PEN",
      "invoiceType": "BILL",
      "billingInvoiceNumber": "M05150006297102",
      "docType": "M",
      "issueDate": 1543986000000,
      "invoiceStatus": "C",
      "invoiceBalance": 0.0,
      "originalBalanceAmount": 203.05,
      "restrictionAmount": 0.73,
      "restrictionTaxAmount": 0.13,
      "disputeNetAmount": 0.0,
      "disputeTaxAmount": 0.0,
      "discountNetAmount": -0.73,
      "discountTaxAmount": -0.13,
      "invoiceCreationDate": 1544763600000
    }, {
      "invoiceId": 130641634,
      "taxAmount": 9.17,
      "amount": 251.95,
      "dueDate": 1548306000000,
      "currency": "PEN",
      "invoiceType": "BILL",
      "billingInvoiceNumber": "M05150006898589",
      "docType": "M",
      "issueDate": 1546664400000,
      "invoiceStatus": "C",
      "invoiceBalance": 0.0,
      "originalBalanceAmount": 261.1,
      "restrictionAmount": 21.84,
      "restrictionTaxAmount": 3.93,
      "disputeNetAmount": 0.0,
      "disputeTaxAmount": 0.0,
      "discountNetAmount": -21.84,
      "discountTaxAmount": -3.93,
      "invoiceCreationDate": 1547355600000
    }],
    "totalCount": 12,
    "moreRows": 0,
    "rowCount": 12,
    "resultsCount": 12,
    "successful": true
  }
}
