{
  "ImplContactData": {
    "firstName": "ROMAN RICARDO",
    "lastName": "LEON GOMEZ",
    "documentType": "DNI",
    "documentNumber": "21121202",
    "email": {
      "eaddressValue": "oblitas_2122@hotmail.com"
    },
    "personalDataProtection": false,
    "physicalAddress": {
      "streetType": "AV",
      "streetName": "SAN LUIS",
      "streetNumber": "1022",
      "housingComplex": "DEL AIRE ET.6",
      "housingComplexType": "CO",
      "department": "15",
      "apartment": "502",
      "district": "34",
      "province": "01",
      "country": "PE",
      "addressId": "612994422",
      "addressType": "Geographic",
      "withoutNumber": false
    },
    "maritalStatus": "Single",
    "addressChanged": false,
    "settingsChanged": false,
    "addressValid": false,
    "preferencesChanged": false
  }
}
