{
  "CatalogPlan": {
    "image": "http://www.movistar.com.pe/documents/80379/3600633/ico_planes_horiz.png/e9f4626d-f99c-411a-b847-fc10d973e4ed?t=1454692755938",
    "detailsGroups": [{
      "characteristics": [{
        "additionalProperties": [{
          "name": "Nombre del Plan",
          "value": {
            "stringValue": "Plan Elige m<E1>s Ilim S/ 169.90"
          }
        }]
      }, {
        "additionalProperties": [{
          "name": "Precio Mensual",
          "value": {
            "stringValue": "S/ 169.90"
          }
        }]
      }, {
        "additionalProperties": [{
          "name": "Internet",
          "value": {
            "stringValue": "Internet Ilimitado + 12GB Roaming + Ilimitado Whatsapp texto Roaming + Movistar Play Ilimitado + Movistar M<FA>sica Ilimitado"
          }
        }]
      }, {
        "additionalProperties": [{
          "name": "Minutos Movistar",
          "value": {
            "stringValue": "RPM ilimitado"
          }
        }]
      }, {
        "additionalProperties": [{
          "name": "Minutos por Destino",
          "value": {
            "stringValue": "Ilimitado Min TD"
          }
        }]
      }, {
        "additionalProperties": [{
          "name": "SMS",
          "value": {
            "stringValue": "Ilimitado SMS"
          }
        }]
      }, {
        "additionalProperties": [{
          "name": "Minutos"
        }]
      }, {
        "additionalProperties": [{
          "name": "Limite de Consumo Adicional",
          "value": {
            "stringValue": "S/ 0"
          }
        }]
      }, {
        "additionalProperties": [{
          "name": "Beneficios del Plan",
          "value": {
            "stringValue": "FunPack, Movistar F<FA>tbol, Movistar M<FA>sica, Movistar Prix"
          }
        }]
      }, {
        "additionalProperties": [{
          "name": "Llamadas Internacionales",
          "value": {
            "stringValue": "0"
          }
        }]
      }, {
        "additionalProperties": [{
          "name": "Amigos y Familia (D<FA>os)",
          "value": {
            "stringValue": "0"
          }
        }]
      }]
    }],
    "attachmentsX9": [{
      "purpose": "MA",
      "attachmentLocation": "http://www.movistar.com.pe/documents/80379/3600633/ico_planes_horiz.png/e9f4626d-f99c-411a-b847-fc10d973e4ed?t=1454692755938",
      "type": "SMALLPIC"
    }, {
      "purpose": "MA",
      "attachmentLocation": "http://www.movistar.com.pe/documents/80379/3600633/ico_planes_horiz.png/e9f4626d-f99c-411a-b847-fc10d973e4ed?t=1454692755938",
      "type": "LVPIC"
    }, {
      "purpose": "MA",
      "attachmentLocation": "http://www.cms.movistar.com.pe/documents/80379/5035939/Consulta+de+detalle+de+Plan/0d94e7e7-603a-4dc6-b8df-9a0db70412d8",
      "type": "ADD"
    }, {
      "purpose": "MA",
      "attachmentLocation": "http://catalogo.movistar.com.pe/bonos/bonospost",
      "type": "LVTXT"
    }],
    "planType": "POST",
    "planScoreX9": 239,
    "downgradeX9": false,
    "oneTimeCharge": {},
    "recurringCharge": {
      "chargeFrequencyUnit": "MONTH",
      "min": 169.90,
      "currency": "PEN",
      "max": 169.90
    },
    "trafficTypeX9": "Plan",
    "description": "Plan Elige m<E1>s Ilim S/ 169.90",
    "name": "Plan Elige m<E1>s Ilim S/ 169.90",
    "Id": "2191753"
  }
}
