{
  "GenericCodeData": [
    {
      "code": "C",
      "decode": "{\"decode\":\"CE\",\"length\":15,\"exactLength\":\"No\",\"descriptionType\":\"Alphanumeric\"}"
    },
    {
      "code": "DNI",
      "decode": "{\"decode\":\"DNI\",\"length\":8,\"exactLength\":\"Yes\",\"descriptionType\":\"Numeric\"}"
    },
    {
      "code": "F",
      "decode": "{\"decode\":\"Ficticio\",\"exactLength\":\"No\",\"length\":15,\"descriptionType\":\"Numeric\"}"
    },
    {
      "code": "P",
      "decode": "{\"decode\":\"Pasaporte\",\"length\":15,\"exactLength\":\"No\",\"descriptionType\":\"Alphanumeric\"}"
    },
    {
      "code": "RUC",
      "decode": "{\"decode\":\"RUC\",\"length\":11,\"exactLength\":\"Yes\",\"descriptionType\":\"Numeric\"}"
    }
  ]
}
