{
  "ArrayList": [
    {
      "code": "Desactivar componentes",
      "deCode": "Desactivar componentes",
      "communicationMethod": "EMAIL",
      "typesDescription": "Detalle la solicitud",
      "caseType1": "Atencion Canal Web",
      "caseType2": "Desactivar componentes",
      "caseType3": "Desactivar componentes"
    },
    {
      "code": "Solicitud cambio de numero",
      "deCode": "Solicitud Cambio de Número",
      "communicationMethod": "EMAIL",
      "typesDescription": "Detalle la solicitud",
      "caseType1": "Atencion Canal Web",
      "caseType2": "Solicitud cambio de numero",
      "caseType3": "Solicitud cambio de numero"
    },
    {
      "code": "Solicitud de Corte a Pedido",
      "deCode": "Solicitud de Corte a Pedido",
      "communicationMethod": "EMAIL",
      "typesDescription": "Detalle la solicitud",
      "caseType1": "Atencion Canal Web",
      "caseType2": "Solicitud de Corte a Pedido",
      "caseType3": "Solicitud de Corte a Pedido"
    },
    {
      "code": "Solicitud de baja del servicio",
      "deCode": "Solicitud de baja del servicio",
      "communicationMethod": "EMAIL",
      "typesDescription": "Detalle la solicitud",
      "caseType1": "Atencion Canal Web",
      "caseType2": "Solicitud de baja del servicio",
      "caseType3": "Solicitud de baja del servicio"
    },
    {
      "code": "Solicitud de cambio de titularidad",
      "deCode": "Solicitud de cambio de titularidad",
      "communicationMethod": "EMAIL",
      "typesDescription": "Detalle la solicitud",
      "caseType1": "Atencion Canal Web",
      "caseType2": "Solicitud de cambio de titularidad",
      "caseType3": "Solicitud de cambio de titularidad"
    },
    {
      "code": "Suspension del servicio",
      "deCode": "Suspensión del servicio",
      "communicationMethod": "EMAIL",
      "typesDescription": "Detalle la solicitud",
      "caseType1": "Atencion Canal Web",
      "caseType2": "Suspension del servicio",
      "caseType3": "Suspension del servicio"
    }
  ]
}
