{
  "ImplRetrieveSubscriptionBalanceOutput": {
    "plansBalance": [],
    "recharge" : {
      "name": "My recharge",
      "remainedBalance": "120",
      "expirationDate": "2036-01-18T00:00:00.000-05:00"
    },
    "activesSupercharges": [
      {
        "name": "PAQUETE 500MB + 100 LDI",
        "expirationDate": "2036-01-18T00:00:00.000-05:00",
        "frequency": "OneShot",
        "quantity": "500",
        "measure": "SMS"
      }
    ],
    "myPackages": [
      {
        "name": "SMS Plus 250",
        "balance": "10.5",
        "expirationDate": "2016-02-15T00:00:00",
        "frequency": "OneShot",
        "measure": "SMS",
        "quantity": "30",
        "visible": false
      },
      {
        "name": "Packet 2",
        "balance": "10.5",
        "expirationDate": "2016-02-15T00:00:00",
        "frequency": "Recurrente",
        "quantity": "136",
        "measure": "Seconds",
        "visible": false
      },
       {
        "name": "PrePlan 1 - Movistar",
        "balance": "Ilimitado",
        "expirationDate": "2016-02-15T00:00:00",
        "frequency": "Recurrente",
        "quantity": "Ilimitado",
        "measure": "Seconds",
        "visible": false
      }
    ],
    "myConsumptions": [
      {
        "balance": "34.5",
        "quantity": "50.0",
        "visible": false
      }
    ],
    "myDataBalance": [
      {
        "name": "Bono de Datos del Plan",
        "balance": "1024",
        "expirationDate": "2036-01-18T00:00:00.000-05:00",
        "frequency": "Autorrenovable",
        "quantity": "1024",
        "measure": "MB"
      }
    ],
    "myBenefitsBalance": [
      {
        "name": "Fun Pack",
        "balance": "668",
        "expirationDate": "2036-06-05T00:00:00.000-05:00",
        "frequency": "Autorrenovable",
        "quantity": "1024",
        "measure": "MB"
      },
      {
        "name": "Paquete 500 MB + 100 LDI",
        "balance": "50",
        "expirationDate": "2036-06-05T00:00:00.000-05:00",
        "frequency": "Autorrenovable",
        "quantity": "100",
        "measure": "min"
      }
    ],
    "wallets": [
      {
        "name": "A todo destino",
        "balance": "82.0",
        "expirationDate": "2017-07-08T23:59:59.000-05:00",
        "code": "1",
        "visible": false
      }
    ],
    "cycleInfoRenewalDay": "5"
  }
}