{
  "SearchResultsCategory": {
    "startIndex": 0,
    "itemsPerPage": 10,
    "categoryId": "1717231",
    "totalResultsInCategory": 48,
    "results": [
      {
        "sapId": "TMGPEAL04012VEM001",
        "characteristic": [
          {
            "name": "NFC",
            "code": "16624",
            "value": "No"
          },
          {
            "name": "Bluetooth",
            "code": "16394",
            "value": "Si"
          },
          {
            "name": "Conexión a PC",
            "code": "16424",
            "value": "Si"
          },
          {
            "name": "Mensajes multimedia (MMS)",
            "code": "16604",
            "value": "Si"
          },
          {
            "name": "GPS",
            "code": "16504",
            "value": "Si"
          },
          {
            "name": "Wifi",
            "code": "16814",
            "value": "Si"
          },
          {
            "name": "Mensajes de texto (SMS)",
            "code": "16594",
            "value": "Si"
          },
          {
            "name": "Correo Electronico",
            "code": "16434",
            "value": "Si"
          },
          {
            "name": "Zona Wifi",
            "code": "16824",
            "value": "Si"
          },
          {
            "name": "Reproductor de música",
            "code": "16684",
            "value": "Si"
          },
          {
            "name": "Radio FM",
            "code": "16644",
            "value": "Si"
          },
          {
            "name": "Marcación por voz",
            "code": "16544",
            "value": "No"
          },
          {
            "name": "Duración de la garantía del fabricante",
            "code": "9911",
            "value": "12 meses"
          },
          {
            "name": "Aplicaciones",
            "code": "16384",
            "value": "Facebook,  Twitter,  Youtube,"
          },
          {
            "name": "Grabadora De Voz",
            "code": "16514",
            "value": "No"
          },
          {
            "name": "Tipo de Bateria",
            "code": "16764",
            "value": "Li-Ion de 1400 mAh"
          },
          {
            "name": "Duración de Bateria",
            "code": "16454",
            "value": "6.7 hrs"
          },
          {
            "name": "Tipo de Pantalla",
            "code": "16774",
            "value": "TOUCHPAD"
          },
          {
            "name": "Tamaño de Pantalla",
            "code": "16754",
            "value": "3.5\""
          },
          {
            "name": "Resolucion de Pantalla",
            "code": "16724",
            "value": "320 x 480  píxeles"
          },
          {
            "name": "Resolución Cámara Trasera",
            "code": "16714",
            "value": "3.2 MP"
          },
          {
            "name": "Zoom Cámara Frontal",
            "code": "16834",
            "value": "NA"
          },
          {
            "name": "Flash",
            "code": "16484",
            "value": "NO"
          },
          {
            "name": "Otras características de la cámara",
            "code": "16634",
            "value": "No"
          },
          {
            "name": "Resolución Cámara Frontal",
            "code": "16704",
            "value": "NA"
          },
          {
            "name": "Zoom Cámara Trasera",
            "code": "16844",
            "value": "NA"
          },
          {
            "name": "Memoria RAM",
            "code": "16584",
            "value": "256 MB"
          },
          {
            "name": "Procesador",
            "code": "16664",
            "value": "Procesador de 1 GHz"
          },
          {
            "name": "Memoria Expandible hasta",
            "code": "16564",
            "value": "32.00 GB"
          },
          {
            "name": "Versión Sistema Operativo",
            "code": "16804",
            "value": "Versión 1.1"
          },
          {
            "name": "Memoria Interna total",
            "code": "16574",
            "value": "256.00 MB (160 MB de memoria para usuario)"
          },
          {
            "name": "Sistema Operativo",
            "code": "16744",
            "value": "Firefox"
          },
          {
            "name": "Tipo de Teclado",
            "code": "16784",
            "value": "QWERTY virtual"
          },
          {
            "name": "Grupo de SIM",
            "code": "16524",
            "value": "Estandar"
          },
          {
            "name": "Modelo",
            "code": "9881",
            "value": "OT-4012 Fire"
          },
          {
            "name": "Dimensiones",
            "code": "16444",
            "value": "115.0 mm. x 62.3 mm. x 12.2 mm."
          },
          {
            "name": "Marca",
            "code": "8811",
            "value": "ALCATEL"
          },
          {
            "name": "Tipo de dispositivo",
            "code": "9891",
            "value": "Smartphone"
          },
          {
            "name": "Color",
            "code": "16414",
            "value": "VERDE"
          },
          {
            "name": "Tecnología de Red",
            "code": "800444",
            "value": "3G"
          },
          {
            "name": "Peso",
            "code": "16654",
            "value": "108.0 gr."
          },
          {
            "name": "Calidad de Video",
            "code": "16404",
            "value": "NA"
          },
          {
            "name": "Resolución de Video",
            "code": "16734",
            "value": "NA"
          },
          {
            "name": "Reproductor de Video",
            "code": "16694",
            "value": "SI"
          }
        ],
        "businessType": "DEVICE",
        "catalogItemID": "533574",
        "lob": [
          "WS"
        ],
        "containingOfferings": [
          {
            "offeringId": "533564",
            "offeringToProductIds": [
              "533564_533574"
            ]
          }
        ],
        "catalogItemName": "3G ALCATEL OT 4012A VERDE NUEVO",
        "oneTimePrice": {
          "originalAmount": 0.00,
          "finalAmount": 28.00,
          "minAmount": 0.00,
          "maxAmount": 0.00
        },
        "attachments": [
          {
            "purpose": "MA",
            "attachmentLocation": "http://www.movistar.com.pe/documents/80379/3600929/ico_movil_vert.png/066735f7-66bf-4b10-927d-823b0864bfbe?t=1454692802841",
            "type": "LVPIC"
          },
          {
            "purpose": "MA",
            "attachmentLocation": "http://www.movistar.com.pe/documents/80379/3600633/ico_movil_horiz.png/2acab631-ca16-4c41-b485-c4eaac1300cc?t=1454692755649",
            "type": "SMALLPIC"
          },
          {
            "purpose": "MA",
            "attachmentLocation": "NA",
            "type": "LVTXT"
          },
          {
            "purpose": "MA",
            "attachmentLocation": "NA",
            "type": "ADD"
          }
        ],
        "compatibleWithDevice": "NA",
        "catalogItemDescription": "3G ALCATEL OT 4012A VERDE NUEVO",
        "topRecommended": false,
        "catalogItemImage": "http://www.movistar.com.pe/documents/80379/3600929/ico_movil_vert.png/066735f7-66bf-4b10-927d-823b0864bfbe?t=1454692802841",
        "catalogItemDisplayName": "3G ALCATEL OT 4012A VERDE NUEVO",
        "bundle": false,
        "currency": "PEN",
        "type": "PRODUCT_OFFERING"
      },
      {
        "sapId": "TMGPEHU0G510NEM001",
        "characteristic": [
          {
            "name": "NFC",
            "code": "16624",
            "value": "No"
          },
          {
            "name": "Bluetooth",
            "code": "16394",
            "value": "Si"
          },
          {
            "name": "Conexión a PC",
            "code": "16424",
            "value": "Si"
          },
          {
            "name": "Mensajes multimedia (MMS)",
            "code": "16604",
            "value": "Si"
          },
          {
            "name": "GPS",
            "code": "16504",
            "value": "Si"
          },
          {
            "name": "Wifi",
            "code": "16814",
            "value": "Si"
          },
          {
            "name": "Mensajes de texto (SMS)",
            "code": "16594",
            "value": "Si"
          },
          {
            "name": "Correo Electronico",
            "code": "16434",
            "value": "Si"
          },
          {
            "name": "Zona Wifi",
            "code": "16824",
            "value": "Si"
          },
          {
            "name": "Reproductor de música",
            "code": "16684",
            "value": "Si"
          },
          {
            "name": "Radio FM",
            "code": "16644",
            "value": "Si"
          },
          {
            "name": "Marcación por voz",
            "code": "16544",
            "value": "No"
          },
          {
            "name": "Duración de la garantía del fabricante",
            "code": "9911",
            "value": "12 meses"
          },
          {
            "name": "Aplicaciones",
            "code": "16384",
            "value": "Facebook,  Twitter,  Youtube,  Whatsapp,  se puede descargar más aplicaciones desde Play Store"
          },
          {
            "name": "Grabadora De Voz",
            "code": "16514",
            "value": "Si"
          },
          {
            "name": "Tipo de Bateria",
            "code": "16764",
            "value": "Li-Ion de 1700 mAh"
          },
          {
            "name": "Duración de Bateria",
            "code": "16454",
            "value": "5.5 hrs"
          },
          {
            "name": "Tipo de Pantalla",
            "code": "16774",
            "value": "TOUCHPAD"
          },
          {
            "name": "Tamaño de Pantalla",
            "code": "16754",
            "value": "4.5\""
          },
          {
            "name": "Resolucion de Pantalla",
            "code": "16724",
            "value": "854 x 480 píxeles"
          },
          {
            "name": "Resolución Cámara Trasera",
            "code": "16714",
            "value": "5.0 MP"
          },
          {
            "name": "Zoom Cámara Frontal",
            "code": "16834",
            "value": "NA"
          },
          {
            "name": "Flash",
            "code": "16484",
            "value": "SI"
          },
          {
            "name": "Otras características de la cámara",
            "code": "16634",
            "value": "No"
          },
          {
            "name": "Resolución Cámara Frontal",
            "code": "16704",
            "value": "0.3 MP"
          },
          {
            "name": "Zoom Cámara Trasera",
            "code": "16844",
            "value": "4X"
          },
          {
            "name": "Memoria RAM",
            "code": "16584",
            "value": "512 MB"
          },
          {
            "name": "Procesador",
            "code": "16664",
            "value": "Procesador dual-core de 1.2 GHz"
          },
          {
            "name": "Memoria Expandible hasta",
            "code": "16564",
            "value": "32.00 GB"
          },
          {
            "name": "Versión Sistema Operativo",
            "code": "16804",
            "value": "Versión 4.1.1 - Jelly Bean"
          },
          {
            "name": "Memoria Interna total",
            "code": "16574",
            "value": "4.00 GB (2.16 GB de memoria para usuario)"
          },
          {
            "name": "Sistema Operativo",
            "code": "16744",
            "value": "Android"
          },
          {
            "name": "Tipo de Teclado",
            "code": "16784",
            "value": "QWERTY virtual"
          },
          {
            "name": "Grupo de SIM",
            "code": "16524",
            "value": "Estandar"
          },
          {
            "name": "Modelo",
            "code": "9881",
            "value": "Ascend G510"
          },
          {
            "name": "Dimensiones",
            "code": "16444",
            "value": "134.0 mm. x 67.0 mm. x 9.9 mm."
          },
          {
            "name": "Marca",
            "code": "8811",
            "value": "HUAWEI"
          },
          {
            "name": "Tipo de dispositivo",
            "code": "9891",
            "value": "Smartphone"
          },
          {
            "name": "Color",
            "code": "16414",
            "value": "NEGRO"
          },
          {
            "name": "Tecnología de Red",
            "code": "800444",
            "value": "3G"
          },
          {
            "name": "Peso",
            "code": "16654",
            "value": "150.0 gr."
          },
          {
            "name": "Calidad de Video",
            "code": "16404",
            "value": "NA"
          },
          {
            "name": "Resolución de Video",
            "code": "16734",
            "value": "640 x 480 píxeles"
          },
          {
            "name": "Reproductor de Video",
            "code": "16694",
            "value": "SI"
          }
        ],
        "businessType": "DEVICE",
        "catalogItemID": "522864",
        "lob": [
          "WS"
        ],
        "containingOfferings": [
          {
            "offeringId": "522854",
            "offeringToProductIds": [
              "522854_522864"
            ]
          }
        ],
        "catalogItemName": "3G HUAWEI G510 NEGRO NUEVO",
        "oneTimePrice": {
          "originalAmount": 0.00,
          "finalAmount": 28.00,
          "minAmount": 0.00,
          "maxAmount": 0.00
        },
        "attachments": [
          {
            "purpose": "MA",
            "attachmentLocation": "http://www.movistar.com.pe/documents/80379/3600929/ico_movil_vert.png/066735f7-66bf-4b10-927d-823b0864bfbe?t=1454692802841",
            "type": "LVPIC"
          },
          {
            "purpose": "MA",
            "attachmentLocation": "http://www.movistar.com.pe/documents/80379/3600633/ico_movil_horiz.png/2acab631-ca16-4c41-b485-c4eaac1300cc?t=1454692755649",
            "type": "SMALLPIC"
          },
          {
            "purpose": "MA",
            "attachmentLocation": "NA",
            "type": "LVTXT"
          },
          {
            "purpose": "MA",
            "attachmentLocation": "NA",
            "type": "ADD"
          }
        ],
        "compatibleWithDevice": "NA",
        "catalogItemDescription": "3G HUAWEI G510 NEGRO NUEVO",
        "topRecommended": false,
        "catalogItemImage": "http://www.movistar.com.pe/documents/80379/3600929/ico_movil_vert.png/066735f7-66bf-4b10-927d-823b0864bfbe?t=1454692802841",
        "catalogItemDisplayName": "3G HUAWEI G510 NEGRO NUEVO",
        "bundle": false,
        "currency": "PEN",
        "type": "PRODUCT_OFFERING"
      },
      {
        "sapId": "TMGPEAPA1303NE0801",
        "characteristic": [
          {
            "name": "NFC",
            "code": "16624",
            "value": "No"
          },
          {
            "name": "Bluetooth",
            "code": "16394",
            "value": "Si"
          },
          {
            "name": "Conexión a PC",
            "code": "16424",
            "value": "Si"
          },
          {
            "name": "Mensajes multimedia (MMS)",
            "code": "16604",
            "value": "Si"
          },
          {
            "name": "GPS",
            "code": "16504",
            "value": "Si"
          },
          {
            "name": "Wifi",
            "code": "16814",
            "value": "Si"
          },
          {
            "name": "Mensajes de texto (SMS)",
            "code": "16594",
            "value": "Si"
          },
          {
            "name": "Correo Electronico",
            "code": "16434",
            "value": "Si"
          },
          {
            "name": "Zona Wifi",
            "code": "16824",
            "value": "Si"
          },
          {
            "name": "Reproductor de música",
            "code": "16684",
            "value": "Si"
          },
          {
            "name": "Radio FM",
            "code": "16644",
            "value": "No"
          },
          {
            "name": "Marcación por voz",
            "code": "16544",
            "value": "Si"
          },
          {
            "name": "Duración de la garantía del fabricante",
            "code": "9911",
            "value": "12 meses"
          },
          {
            "name": "Aplicaciones",
            "code": "16384",
            "value": "Youtube,     se puede descargar más aplicaciones App Store"
          },
          {
            "name": "Grabadora De Voz",
            "code": "16514",
            "value": "Si"
          },
          {
            "name": "Tipo de Bateria",
            "code": "16764",
            "value": "Iones de Litio"
          },
          {
            "name": "Duración de Bateria",
            "code": "16454",
            "value": "12.0 hrs"
          },
          {
            "name": "Tipo de Pantalla",
            "code": "16774",
            "value": "TOUCHPAD"
          },
          {
            "name": "Tamaño de Pantalla",
            "code": "16754",
            "value": "NA"
          },
          {
            "name": "Resolucion de Pantalla",
            "code": "16724",
            "value": "320 x 480  píxeles"
          },
          {
            "name": "Resolución Cámara Trasera",
            "code": "16714",
            "value": "3.0 MP"
          },
          {
            "name": "Zoom Cámara Frontal",
            "code": "16834",
            "value": "NA"
          },
          {
            "name": "Flash",
            "code": "16484",
            "value": "NO"
          },
          {
            "name": "Otras características de la cámara",
            "code": "16634",
            "value": "No"
          },
          {
            "name": "Resolución Cámara Frontal",
            "code": "16704",
            "value": "NA"
          },
          {
            "name": "Zoom Cámara Trasera",
            "code": "16844",
            "value": "NA"
          },
          {
            "name": "Memoria RAM",
            "code": "16584",
            "value": "NA"
          },
          {
            "name": "Procesador",
            "code": "16664",
            "value": "NA"
          },
          {
            "name": "Memoria Expandible hasta",
            "code": "16564",
            "value": "NA"
          },
          {
            "name": "Versión Sistema Operativo",
            "code": "16804",
            "value": "NA"
          },
          {
            "name": "Memoria Interna total",
            "code": "16574",
            "value": "8.00 GB (cuenta también con versiones de 16GB y 32 GB)"
          },
          {
            "name": "Sistema Operativo",
            "code": "16744",
            "value": "iOS (Apple)"
          },
          {
            "name": "Tipo de Teclado",
            "code": "16784",
            "value": "QWERTY virtual"
          },
          {
            "name": "Grupo de SIM",
            "code": "16524",
            "value": "Estandar"
          },
          {
            "name": "Modelo",
            "code": "9881",
            "value": "iPhone 3GS"
          },
          {
            "name": "Dimensiones",
            "code": "16444",
            "value": "115.0 mm. x 61.0 mm. x 11.6 mm."
          },
          {
            "name": "Marca",
            "code": "8811",
            "value": "APPLE"
          },
          {
            "name": "Tipo de dispositivo",
            "code": "9891",
            "value": "Smartphone"
          },
          {
            "name": "Color",
            "code": "16414",
            "value": "NEGRO"
          },
          {
            "name": "Tecnología de Red",
            "code": "800444",
            "value": "3G"
          },
          {
            "name": "Peso",
            "code": "16654",
            "value": "135.0 gr."
          },
          {
            "name": "Calidad de Video",
            "code": "16404",
            "value": "NA"
          },
          {
            "name": "Resolución de Video",
            "code": "16734",
            "value": "640 x 480 píxeles"
          },
          {
            "name": "Reproductor de Video",
            "code": "16694",
            "value": "SI"
          }
        ],
        "businessType": "DEVICE",
        "catalogItemID": "527544",
        "lob": [
          "WS"
        ],
        "containingOfferings": [
          {
            "offeringId": "527534",
            "offeringToProductIds": [
              "527534_527544"
            ]
          }
        ],
        "catalogItemName": "3G IPHONE A1303 3GS 8GB NEGRO NUEVO",
        "oneTimePrice": {
          "originalAmount": 0.00,
          "finalAmount": 768.00,
          "minAmount": 0.00,
          "maxAmount": 0.00
        },
        "attachments": [
          {
            "purpose": "MA",
            "attachmentLocation": "http://www.movistar.com.pe/documents/80379/3600929/ico_movil_vert.png/066735f7-66bf-4b10-927d-823b0864bfbe?t=1454692802841",
            "type": "LVPIC"
          },
          {
            "purpose": "MA",
            "attachmentLocation": "http://www.movistar.com.pe/documents/80379/3600633/ico_movil_horiz.png/2acab631-ca16-4c41-b485-c4eaac1300cc?t=1454692755649",
            "type": "SMALLPIC"
          },
          {
            "purpose": "MA",
            "attachmentLocation": "NA",
            "type": "LVTXT"
          },
          {
            "purpose": "MA",
            "attachmentLocation": "NA",
            "type": "ADD"
          }
        ],
        "compatibleWithDevice": "NA",
        "catalogItemDescription": "3G IPHONE A1303 3GS 8GB NEGRO NUEVO",
        "topRecommended": false,
        "catalogItemImage": "http://www.movistar.com.pe/documents/80379/3600929/ico_movil_vert.png/066735f7-66bf-4b10-927d-823b0864bfbe?t=1454692802841",
        "catalogItemDisplayName": "3G IPHONE A1303 3GS 8GB NEGRO NUEVO",
        "bundle": false,
        "currency": "PEN",
        "type": "PRODUCT_OFFERING"
      },
      {
        "sapId": "TMGPEMOXT914NE0001",
        "characteristic": [
          {
            "name": "NFC",
            "code": "16624",
            "value": "No"
          },
          {
            "name": "Bluetooth",
            "code": "16394",
            "value": "Si"
          },
          {
            "name": "Conexión a PC",
            "code": "16424",
            "value": "Si"
          },
          {
            "name": "Mensajes multimedia (MMS)",
            "code": "16604",
            "value": "Si"
          },
          {
            "name": "GPS",
            "code": "16504",
            "value": "Si"
          },
          {
            "name": "Wifi",
            "code": "16814",
            "value": "Si"
          },
          {
            "name": "Mensajes de texto (SMS)",
            "code": "16594",
            "value": "Si"
          },
          {
            "name": "Correo Electronico",
            "code": "16434",
            "value": "Si"
          },
          {
            "name": "Zona Wifi",
            "code": "16824",
            "value": "Si"
          },
          {
            "name": "Reproductor de música",
            "code": "16684",
            "value": "Si"
          },
          {
            "name": "Radio FM",
            "code": "16644",
            "value": "Si"
          },
          {
            "name": "Marcación por voz",
            "code": "16544",
            "value": "No"
          },
          {
            "name": "Duración de la garantía del fabricante",
            "code": "9911",
            "value": "12 meses"
          },
          {
            "name": "Aplicaciones",
            "code": "16384",
            "value": "Youtube,   se puede descargar más aplicaciones desde Play Store"
          },
          {
            "name": "Grabadora De Voz",
            "code": "16514",
            "value": "No"
          },
          {
            "name": "Tipo de Bateria",
            "code": "16764",
            "value": "Li-Ion de 1785 mAh"
          },
          {
            "name": "Duración de Bateria",
            "code": "16454",
            "value": "5.8 hrs"
          },
          {
            "name": "Tipo de Pantalla",
            "code": "16774",
            "value": "TOUCHPAD"
          },
          {
            "name": "Tamaño de Pantalla",
            "code": "16754",
            "value": "3.5\""
          },
          {
            "name": "Resolucion de Pantalla",
            "code": "16724",
            "value": "320 x 480  píxeles"
          },
          {
            "name": "Resolución Cámara Trasera",
            "code": "16714",
            "value": "5.0 MP"
          },
          {
            "name": "Zoom Cámara Frontal",
            "code": "16834",
            "value": "NA"
          },
          {
            "name": "Flash",
            "code": "16484",
            "value": "NO"
          },
          {
            "name": "Otras características de la cámara",
            "code": "16634",
            "value": "No"
          },
          {
            "name": "Resolución Cámara Frontal",
            "code": "16704",
            "value": "NA"
          },
          {
            "name": "Zoom Cámara Trasera",
            "code": "16844",
            "value": "16X"
          },
          {
            "name": "Memoria RAM",
            "code": "16584",
            "value": "1 GB"
          },
          {
            "name": "Procesador",
            "code": "16664",
            "value": "Procesador de 1 GHz"
          },
          {
            "name": "Memoria Expandible hasta",
            "code": "16564",
            "value": "32.00 GB"
          },
          {
            "name": "Versión Sistema Operativo",
            "code": "16804",
            "value": "Versión 4.1.2 - Jelly Bean"
          },
          {
            "name": "Memoria Interna total",
            "code": "16574",
            "value": "4.00 GB (2.21 GB de memoria para usuario)"
          },
          {
            "name": "Sistema Operativo",
            "code": "16744",
            "value": "Android"
          },
          {
            "name": "Tipo de Teclado",
            "code": "16784",
            "value": "QWERTY virtual"
          },
          {
            "name": "Grupo de SIM",
            "code": "16524",
            "value": "Estandar"
          },
          {
            "name": "Modelo",
            "code": "9881",
            "value": "XT914 Razr D1"
          },
          {
            "name": "Dimensiones",
            "code": "16444",
            "value": "111.0 mm. x 59.0 mm. x 11.0 mm."
          },
          {
            "name": "Marca",
            "code": "8811",
            "value": "MOTOROLA"
          },
          {
            "name": "Tipo de dispositivo",
            "code": "9891",
            "value": "Smartphone"
          },
          {
            "name": "Color",
            "code": "16414",
            "value": "NEGRO"
          },
          {
            "name": "Tecnología de Red",
            "code": "800444",
            "value": "3G"
          },
          {
            "name": "Peso",
            "code": "16654",
            "value": "110.0 gr."
          },
          {
            "name": "Calidad de Video",
            "code": "16404",
            "value": "NA"
          },
          {
            "name": "Resolución de Video",
            "code": "16734",
            "value": "720 x 480  píxeles"
          },
          {
            "name": "Reproductor de Video",
            "code": "16694",
            "value": "SI"
          }
        ],
        "businessType": "DEVICE",
        "catalogItemID": "505434",
        "lob": [
          "WS"
        ],
        "containingOfferings": [
          {
            "offeringId": "505424",
            "offeringToProductIds": [
              "505424_505434"
            ]
          }
        ],
        "catalogItemName": "3G MOTOROLA XT914 NEGRO NUEVO",
        "oneTimePrice": {
          "originalAmount": 0.00,
          "finalAmount": 28.00,
          "minAmount": 0.00,
          "maxAmount": 0.00
        },
        "attachments": [
          {
            "purpose": "MA",
            "attachmentLocation": "http://www.movistar.com.pe/documents/80379/3600929/ico_movil_vert.png/066735f7-66bf-4b10-927d-823b0864bfbe?t=1454692802841",
            "type": "LVPIC"
          },
          {
            "purpose": "MA",
            "attachmentLocation": "http://www.movistar.com.pe/documents/80379/3600633/ico_movil_horiz.png/2acab631-ca16-4c41-b485-c4eaac1300cc?t=1454692755649",
            "type": "SMALLPIC"
          },
          {
            "purpose": "MA",
            "attachmentLocation": "NA",
            "type": "LVTXT"
          },
          {
            "purpose": "MA",
            "attachmentLocation": "NA",
            "type": "ADD"
          }
        ],
        "compatibleWithDevice": "NA",
        "catalogItemDescription": "3G MOTOROLA XT914 NEGRO NUEVO",
        "topRecommended": false,
        "catalogItemImage": "http://www.movistar.com.pe/documents/80379/3600929/ico_movil_vert.png/066735f7-66bf-4b10-927d-823b0864bfbe?t=1454692802841",
        "catalogItemDisplayName": "3G MOTOROLA XT914 NEGRO NUEVO",
        "bundle": false,
        "currency": "PEN",
        "type": "PRODUCT_OFFERING"
      },
      {
        "sapId": "TMGPENK00302GF0001",
        "characteristic": [
          {
            "name": "NFC",
            "code": "16624",
            "value": "No"
          },
          {
            "name": "Bluetooth",
            "code": "16394",
            "value": "Si"
          },
          {
            "name": "Conexión a PC",
            "code": "16424",
            "value": "Si"
          },
          {
            "name": "Mensajes multimedia (MMS)",
            "code": "16604",
            "value": "Si"
          },
          {
            "name": "GPS",
            "code": "16504",
            "value": "No"
          },
          {
            "name": "Wifi",
            "code": "16814",
            "value": "Si"
          },
          {
            "name": "Mensajes de texto (SMS)",
            "code": "16594",
            "value": "Si"
          },
          {
            "name": "Correo Electronico",
            "code": "16434",
            "value": "Si"
          },
          {
            "name": "Zona Wifi",
            "code": "16824",
            "value": "Si"
          },
          {
            "name": "Reproductor de música",
            "code": "16684",
            "value": "Si"
          },
          {
            "name": "Radio FM",
            "code": "16644",
            "value": "Si"
          },
          {
            "name": "Marcación por voz",
            "code": "16544",
            "value": "No"
          },
          {
            "name": "Duración de la garantía del fabricante",
            "code": "9911",
            "value": "12 meses"
          },
          {
            "name": "Aplicaciones",
            "code": "16384",
            "value": "Facebook,  Twitter,   Whatsapp,"
          },
          {
            "name": "Grabadora De Voz",
            "code": "16514",
            "value": "Si"
          },
          {
            "name": "Tipo de Bateria",
            "code": "16764",
            "value": "Li-Ion de 1320 mAh"
          },
          {
            "name": "Duración de Bateria",
            "code": "16454",
            "value": "6.0 hrs"
          },
          {
            "name": "Tipo de Pantalla",
            "code": "16774",
            "value": "TFT"
          },
          {
            "name": "Tamaño de Pantalla",
            "code": "16754",
            "value": "2.4\""
          },
          {
            "name": "Resolucion de Pantalla",
            "code": "16724",
            "value": "320 x 240 píxeles"
          },
          {
            "name": "Resolución Cámara Trasera",
            "code": "16714",
            "value": "3.2 MP"
          },
          {
            "name": "Zoom Cámara Frontal",
            "code": "16834",
            "value": "NA"
          },
          {
            "name": "Flash",
            "code": "16484",
            "value": "NO"
          },
          {
            "name": "Otras características de la cámara",
            "code": "16634",
            "value": "No"
          },
          {
            "name": "Resolución Cámara Frontal",
            "code": "16704",
            "value": "NA"
          },
          {
            "name": "Zoom Cámara Trasera",
            "code": "16844",
            "value": "4X"
          },
          {
            "name": "Memoria RAM",
            "code": "16584",
            "value": "NA"
          },
          {
            "name": "Procesador",
            "code": "16664",
            "value": "Procesador de 1 GHz"
          },
          {
            "name": "Memoria Expandible hasta",
            "code": "16564",
            "value": "32.00 GB"
          },
          {
            "name": "Versión Sistema Operativo",
            "code": "16804",
            "value": "Nokia Asha"
          },
          {
            "name": "Memoria Interna total",
            "code": "16574",
            "value": "150.00 MB"
          },
          {
            "name": "Sistema Operativo",
            "code": "16744",
            "value": "Propietario"
          },
          {
            "name": "Tipo de Teclado",
            "code": "16784",
            "value": "QWERTY"
          },
          {
            "name": "Grupo de SIM",
            "code": "16524",
            "value": "Estandar"
          },
          {
            "name": "Modelo",
            "code": "9881",
            "value": "302"
          },
          {
            "name": "Dimensiones",
            "code": "16444",
            "value": "115.2 mm. x 58.9 mm. x 13.5 mm."
          },
          {
            "name": "Marca",
            "code": "8811",
            "value": "NOKIA"
          },
          {
            "name": "Tipo de dispositivo",
            "code": "9891",
            "value": "Smartphone"
          },
          {
            "name": "Color",
            "code": "16414",
            "value": "GRAFITO"
          },
          {
            "name": "Tecnología de Red",
            "code": "800444",
            "value": "3G"
          },
          {
            "name": "Peso",
            "code": "16654",
            "value": "106.0 gr."
          },
          {
            "name": "Calidad de Video",
            "code": "16404",
            "value": "NA"
          },
          {
            "name": "Resolución de Video",
            "code": "16734",
            "value": "640 x 480 píxeles"
          },
          {
            "name": "Reproductor de Video",
            "code": "16694",
            "value": "SI"
          }
        ],
        "businessType": "DEVICE",
        "catalogItemID": "503664",
        "lob": [
          "WS"
        ],
        "containingOfferings": [
          {
            "offeringId": "503654",
            "offeringToProductIds": [
              "503654_503664"
            ]
          }
        ],
        "catalogItemName": "3G NOKIA 302 GRAFITO NUEVO",
        "oneTimePrice": {
          "originalAmount": 0.00,
          "finalAmount": 28.00,
          "minAmount": 0.00,
          "maxAmount": 0.00
        },
        "attachments": [
          {
            "purpose": "MA",
            "attachmentLocation": "http://www.movistar.com.pe/documents/80379/3600929/ico_movil_vert.png/066735f7-66bf-4b10-927d-823b0864bfbe?t=1454692802841",
            "type": "LVPIC"
          },
          {
            "purpose": "MA",
            "attachmentLocation": "http://www.movistar.com.pe/documents/80379/3600633/ico_movil_horiz.png/2acab631-ca16-4c41-b485-c4eaac1300cc?t=1454692755649",
            "type": "SMALLPIC"
          },
          {
            "purpose": "MA",
            "attachmentLocation": "NA",
            "type": "LVTXT"
          },
          {
            "purpose": "MA",
            "attachmentLocation": "NA",
            "type": "ADD"
          }
        ],
        "compatibleWithDevice": "NA",
        "catalogItemDescription": "3G NOKIA 302 GRAFITO NUEVO",
        "topRecommended": false,
        "catalogItemImage": "http://www.movistar.com.pe/documents/80379/3600929/ico_movil_vert.png/066735f7-66bf-4b10-927d-823b0864bfbe?t=1454692802841",
        "catalogItemDisplayName": "3G NOKIA 302 GRAFITO NUEVO",
        "bundle": false,
        "currency": "PEN",
        "type": "PRODUCT_OFFERING"
      },
      {
        "sapId": "TMGPENK00920BL0001",
        "characteristic": [
          {
            "name": "NFC",
            "code": "16624",
            "value": "Si"
          },
          {
            "name": "Bluetooth",
            "code": "16394",
            "value": "Si"
          },
          {
            "name": "Conexión a PC",
            "code": "16424",
            "value": "Si"
          },
          {
            "name": "Mensajes multimedia (MMS)",
            "code": "16604",
            "value": "Si"
          },
          {
            "name": "GPS",
            "code": "16504",
            "value": "Si"
          },
          {
            "name": "Wifi",
            "code": "16814",
            "value": "Si"
          },
          {
            "name": "Mensajes de texto (SMS)",
            "code": "16594",
            "value": "Si"
          },
          {
            "name": "Correo Electronico",
            "code": "16434",
            "value": "Si"
          },
          {
            "name": "Zona Wifi",
            "code": "16824",
            "value": "Si"
          },
          {
            "name": "Reproductor de música",
            "code": "16684",
            "value": "Si"
          },
          {
            "name": "Radio FM",
            "code": "16644",
            "value": "No"
          },
          {
            "name": "Marcación por voz",
            "code": "16544",
            "value": "Si"
          },
          {
            "name": "Duración de la garantía del fabricante",
            "code": "9911",
            "value": "12 meses"
          },
          {
            "name": "Aplicaciones",
            "code": "16384",
            "value": "Facebook,  Twitter,"
          },
          {
            "name": "Grabadora De Voz",
            "code": "16514",
            "value": "Si"
          },
          {
            "name": "Tipo de Bateria",
            "code": "16764",
            "value": "Li-Ion de 2000 mAh"
          },
          {
            "name": "Duración de Bateria",
            "code": "16454",
            "value": "10.8 hrs"
          },
          {
            "name": "Tipo de Pantalla",
            "code": "16774",
            "value": "TOUCHPAD"
          },
          {
            "name": "Tamaño de Pantalla",
            "code": "16754",
            "value": "4.5\""
          },
          {
            "name": "Resolucion de Pantalla",
            "code": "16724",
            "value": "1280 x 768 píxeles"
          },
          {
            "name": "Resolución Cámara Trasera",
            "code": "16714",
            "value": "8.7 MP"
          },
          {
            "name": "Zoom Cámara Frontal",
            "code": "16834",
            "value": "NA"
          },
          {
            "name": "Flash",
            "code": "16484",
            "value": "SI"
          },
          {
            "name": "Otras características de la cámara",
            "code": "16634",
            "value": "Si"
          },
          {
            "name": "Resolución Cámara Frontal",
            "code": "16704",
            "value": "NA"
          },
          {
            "name": "Zoom Cámara Trasera",
            "code": "16844",
            "value": "4X"
          },
          {
            "name": "Memoria RAM",
            "code": "16584",
            "value": "NA"
          },
          {
            "name": "Procesador",
            "code": "16664",
            "value": "Procesador de doble núcleo de 1.5 GHz"
          },
          {
            "name": "Memoria Expandible hasta",
            "code": "16564",
            "value": "NA"
          },
          {
            "name": "Versión Sistema Operativo",
            "code": "16804",
            "value": "Versión 8.0"
          },
          {
            "name": "Memoria Interna total",
            "code": "16574",
            "value": "32.00 GB (29.12 GB de memoria para usuario)"
          },
          {
            "name": "Sistema Operativo",
            "code": "16744",
            "value": "Windows Phone"
          },
          {
            "name": "Tipo de Teclado",
            "code": "16784",
            "value": "QWERTY virtual"
          },
          {
            "name": "Grupo de SIM",
            "code": "16524",
            "value": "microSIM"
          },
          {
            "name": "Modelo",
            "code": "9881",
            "value": "Lumia 920"
          },
          {
            "name": "Dimensiones",
            "code": "16444",
            "value": "130.3 mm. x 70.8 mm. x 10.7 mm."
          },
          {
            "name": "Marca",
            "code": "8811",
            "value": "NOKIA"
          },
          {
            "name": "Tipo de dispositivo",
            "code": "9891",
            "value": "Smartphone"
          },
          {
            "name": "Color",
            "code": "16414",
            "value": "BLANCO"
          },
          {
            "name": "Tecnología de Red",
            "code": "800444",
            "value": "3G"
          },
          {
            "name": "Peso",
            "code": "16654",
            "value": "185.0 gr."
          },
          {
            "name": "Calidad de Video",
            "code": "16404",
            "value": "NA"
          },
          {
            "name": "Resolución de Video",
            "code": "16734",
            "value": "1080 x 1920 píxeles"
          },
          {
            "name": "Reproductor de Video",
            "code": "16694",
            "value": "SI"
          }
        ],
        "businessType": "DEVICE",
        "catalogItemID": "502194",
        "lob": [
          "WS"
        ],
        "containingOfferings": [
          {
            "offeringId": "502184",
            "offeringToProductIds": [
              "502184_502194"
            ]
          }
        ],
        "catalogItemName": "3G NOKIA LUMIA 920 BLANCO NUEVO",
        "oneTimePrice": {
          "originalAmount": 0.00,
          "finalAmount": 28.00,
          "minAmount": 0.00,
          "maxAmount": 0.00
        },
        "attachments": [
          {
            "purpose": "MA",
            "attachmentLocation": "http://www.movistar.com.pe/documents/80379/3600929/ico_movil_vert.png/066735f7-66bf-4b10-927d-823b0864bfbe?t=1454692802841",
            "type": "LVPIC"
          },
          {
            "purpose": "MA",
            "attachmentLocation": "http://www.movistar.com.pe/documents/80379/3600633/ico_movil_horiz.png/2acab631-ca16-4c41-b485-c4eaac1300cc?t=1454692755649",
            "type": "SMALLPIC"
          },
          {
            "purpose": "MA",
            "attachmentLocation": "NA",
            "type": "LVTXT"
          },
          {
            "purpose": "MA",
            "attachmentLocation": "NA",
            "type": "ADD"
          }
        ],
        "compatibleWithDevice": "NA",
        "catalogItemDescription": "3G NOKIA LUMIA 920 BLANCO NUEVO",
        "topRecommended": false,
        "catalogItemImage": "http://www.movistar.com.pe/documents/80379/3600929/ico_movil_vert.png/066735f7-66bf-4b10-927d-823b0864bfbe?t=1454692802841",
        "catalogItemDisplayName": "3G NOKIA LUMIA 920 BLANCO NUEVO",
        "bundle": false,
        "currency": "PEN",
        "type": "PRODUCT_OFFERING"
      },
      {
        "sapId": "TMGPENK0X302GRSS01",
        "characteristic": [
          {
            "name": "NFC",
            "code": "16624",
            "value": "No"
          },
          {
            "name": "Bluetooth",
            "code": "16394",
            "value": "Si"
          },
          {
            "name": "Conexión a PC",
            "code": "16424",
            "value": "Si"
          },
          {
            "name": "Mensajes multimedia (MMS)",
            "code": "16604",
            "value": "Si"
          },
          {
            "name": "GPS",
            "code": "16504",
            "value": "No"
          },
          {
            "name": "Wifi",
            "code": "16814",
            "value": "Si"
          },
          {
            "name": "Mensajes de texto (SMS)",
            "code": "16594",
            "value": "Si"
          },
          {
            "name": "Correo Electronico",
            "code": "16434",
            "value": "Si"
          },
          {
            "name": "Zona Wifi",
            "code": "16824",
            "value": "No"
          },
          {
            "name": "Reproductor de música",
            "code": "16684",
            "value": "Si"
          },
          {
            "name": "Radio FM",
            "code": "16644",
            "value": "Si"
          },
          {
            "name": "Marcación por voz",
            "code": "16544",
            "value": "No"
          },
          {
            "name": "Duración de la garantía del fabricante",
            "code": "9911",
            "value": "12 meses"
          },
          {
            "name": "Aplicaciones",
            "code": "16384",
            "value": "Facebook,  Twitter,  Youtube,  Whatsapp,"
          },
          {
            "name": "Grabadora De Voz",
            "code": "16514",
            "value": "Si"
          },
          {
            "name": "Tipo de Bateria",
            "code": "16764",
            "value": "Li-Ion de 860 mAh"
          },
          {
            "name": "Duración de Bateria",
            "code": "16454",
            "value": "756.0 min"
          },
          {
            "name": "Tipo de Pantalla",
            "code": "16774",
            "value": "TOUCHPAD"
          },
          {
            "name": "Tamaño de Pantalla",
            "code": "16754",
            "value": "2.4\""
          },
          {
            "name": "Resolucion de Pantalla",
            "code": "16724",
            "value": "240 x 360 píxeles"
          },
          {
            "name": "Resolución Cámara Trasera",
            "code": "16714",
            "value": "5.0 MP"
          },
          {
            "name": "Zoom Cámara Frontal",
            "code": "16834",
            "value": "NA"
          },
          {
            "name": "Flash",
            "code": "16484",
            "value": "NA"
          },
          {
            "name": "Otras características de la cámara",
            "code": "16634",
            "value": "Temporizador de 3, 5 y 10 segundos.  Capturas consecutivas de 5 fotos."
          },
          {
            "name": "Resolución Cámara Frontal",
            "code": "16704",
            "value": "NA"
          },
          {
            "name": "Zoom Cámara Trasera",
            "code": "16844",
            "value": "NA"
          },
          {
            "name": "Memoria RAM",
            "code": "16584",
            "value": "NA"
          },
          {
            "name": "Procesador",
            "code": "16664",
            "value": "NA"
          },
          {
            "name": "Memoria Expandible hasta",
            "code": "16564",
            "value": "NA"
          },
          {
            "name": "Versión Sistema Operativo",
            "code": "16804",
            "value": "(s40)"
          },
          {
            "name": "Memoria Interna total",
            "code": "16574",
            "value": "50.00 MB"
          },
          {
            "name": "Sistema Operativo",
            "code": "16744",
            "value": "Symbian"
          },
          {
            "name": "Tipo de Teclado",
            "code": "16784",
            "value": "Alfanumérico"
          },
          {
            "name": "Grupo de SIM",
            "code": "16524",
            "value": "Estandar"
          },
          {
            "name": "Modelo",
            "code": "9881",
            "value": "X3-02"
          },
          {
            "name": "Dimensiones",
            "code": "16444",
            "value": "106.2 mm. x 48.4 mm. x 9.6 mm."
          },
          {
            "name": "Marca",
            "code": "8811",
            "value": "NOKIA"
          },
          {
            "name": "Tipo de dispositivo",
            "code": "9891",
            "value": "Multimedia"
          },
          {
            "name": "Color",
            "code": "16414",
            "value": "GRIS"
          },
          {
            "name": "Tecnología de Red",
            "code": "800444",
            "value": "3G"
          },
          {
            "name": "Peso",
            "code": "16654",
            "value": "NA"
          },
          {
            "name": "Calidad de Video",
            "code": "16404",
            "value": "(s40)"
          },
          {
            "name": "Resolución de Video",
            "code": "16734",
            "value": "NA"
          },
          {
            "name": "Reproductor de Video",
            "code": "16694",
            "value": "SI"
          }
        ],
        "businessType": "DEVICE",
        "catalogItemID": "496974",
        "lob": [
          "WS"
        ],
        "containingOfferings": [
          {
            "offeringId": "496964",
            "offeringToProductIds": [
              "496964_496974"
            ]
          }
        ],
        "catalogItemName": "3G NOKIA X3 02 GRIS SIN SD NUEVO",
        "oneTimePrice": {
          "originalAmount": 0.00,
          "finalAmount": 28.00,
          "minAmount": 0.00,
          "maxAmount": 0.00
        },
        "attachments": [
          {
            "purpose": "MA",
            "attachmentLocation": "http://www.movistar.com.pe/documents/80379/3600929/ico_movil_vert.png/066735f7-66bf-4b10-927d-823b0864bfbe?t=1454692802841",
            "type": "LVPIC"
          },
          {
            "purpose": "MA",
            "attachmentLocation": "http://www.movistar.com.pe/documents/80379/3600633/ico_movil_horiz.png/2acab631-ca16-4c41-b485-c4eaac1300cc?t=1454692755649",
            "type": "SMALLPIC"
          },
          {
            "purpose": "MA",
            "attachmentLocation": "NA",
            "type": "LVTXT"
          },
          {
            "purpose": "MA",
            "attachmentLocation": "NA",
            "type": "ADD"
          }
        ],
        "compatibleWithDevice": "NA",
        "catalogItemDescription": "3G NOKIA X3 02 GRIS SIN SD NUEVO",
        "topRecommended": false,
        "catalogItemImage": "http://www.movistar.com.pe/documents/80379/3600929/ico_movil_vert.png/066735f7-66bf-4b10-927d-823b0864bfbe?t=1454692802841",
        "catalogItemDisplayName": "3G NOKIA X3 02 GRIS SIN SD NUEVO",
        "bundle": false,
        "currency": "PEN",
        "type": "PRODUCT_OFFERING"
      },
      {
        "sapId": "TMGPESAS5310GRSS01",
        "characteristic": [
          {
            "name": "NFC",
            "code": "16624",
            "value": "No"
          },
          {
            "name": "Bluetooth",
            "code": "16394",
            "value": "Si"
          },
          {
            "name": "Conexión a PC",
            "code": "16424",
            "value": "Si"
          },
          {
            "name": "Mensajes multimedia (MMS)",
            "code": "16604",
            "value": "Si"
          },
          {
            "name": "GPS",
            "code": "16504",
            "value": "Si"
          },
          {
            "name": "Wifi",
            "code": "16814",
            "value": "Si"
          },
          {
            "name": "Mensajes de texto (SMS)",
            "code": "16594",
            "value": "Si"
          },
          {
            "name": "Correo Electronico",
            "code": "16434",
            "value": "Si"
          },
          {
            "name": "Zona Wifi",
            "code": "16824",
            "value": "Si"
          },
          {
            "name": "Reproductor de música",
            "code": "16684",
            "value": "Si"
          },
          {
            "name": "Radio FM",
            "code": "16644",
            "value": "Si"
          },
          {
            "name": "Marcación por voz",
            "code": "16544",
            "value": "No"
          },
          {
            "name": "Duración de la garantía del fabricante",
            "code": "9911",
            "value": "12 meses"
          },
          {
            "name": "Aplicaciones",
            "code": "16384",
            "value": "Facebook,  Twitter,  Youtube,  Whatsapp,  se puede descargar más aplicaciones desde Play Store"
          },
          {
            "name": "Grabadora De Voz",
            "code": "16514",
            "value": "Si"
          },
          {
            "name": "Tipo de Bateria",
            "code": "16764",
            "value": "Li-Ion de 1200 mAh"
          },
          {
            "name": "Duración de Bateria",
            "code": "16454",
            "value": "6.0 hrs"
          },
          {
            "name": "Tipo de Pantalla",
            "code": "16774",
            "value": "TOUCHPAD"
          },
          {
            "name": "Tamaño de Pantalla",
            "code": "16754",
            "value": "3\""
          },
          {
            "name": "Resolucion de Pantalla",
            "code": "16724",
            "value": "240 x 340 píxeles"
          },
          {
            "name": "Resolución Cámara Trasera",
            "code": "16714",
            "value": "2.0 MP"
          },
          {
            "name": "Zoom Cámara Frontal",
            "code": "16834",
            "value": "NA"
          },
          {
            "name": "Flash",
            "code": "16484",
            "value": "NO"
          },
          {
            "name": "Otras características de la cámara",
            "code": "16634",
            "value": "No"
          },
          {
            "name": "Resolución Cámara Frontal",
            "code": "16704",
            "value": "NA"
          },
          {
            "name": "Zoom Cámara Trasera",
            "code": "16844",
            "value": "2X"
          },
          {
            "name": "Memoria RAM",
            "code": "16584",
            "value": "512 MB"
          },
          {
            "name": "Procesador",
            "code": "16664",
            "value": "Procesador de 850 Mhz"
          },
          {
            "name": "Memoria Expandible hasta",
            "code": "16564",
            "value": "32.00 GB"
          },
          {
            "name": "Versión Sistema Operativo",
            "code": "16804",
            "value": "Versión 4.1.2 - Jelly Bean"
          },
          {
            "name": "Memoria Interna total",
            "code": "16574",
            "value": "4.00 GB (1.89 GB de memoria para usuario)"
          },
          {
            "name": "Sistema Operativo",
            "code": "16744",
            "value": "Android"
          },
          {
            "name": "Tipo de Teclado",
            "code": "16784",
            "value": "QWERTY virtual"
          },
          {
            "name": "Grupo de SIM",
            "code": "16524",
            "value": "microSIM"
          },
          {
            "name": "Modelo",
            "code": "9881",
            "value": "S5310 Galaxy Pocket Neo"
          },
          {
            "name": "Dimensiones",
            "code": "16444",
            "value": "105.0 mm. x 57.8 mm. x 11.8 mm."
          },
          {
            "name": "Marca",
            "code": "8811",
            "value": "SAMSUNG"
          },
          {
            "name": "Tipo de dispositivo",
            "code": "9891",
            "value": "Smartphone"
          },
          {
            "name": "Color",
            "code": "16414",
            "value": "GRIS"
          },
          {
            "name": "Tecnología de Red",
            "code": "800444",
            "value": "3G"
          },
          {
            "name": "Peso",
            "code": "16654",
            "value": "100.0 gr."
          },
          {
            "name": "Calidad de Video",
            "code": "16404",
            "value": "NA"
          },
          {
            "name": "Resolución de Video",
            "code": "16734",
            "value": "320 x 240 píxeles"
          },
          {
            "name": "Reproductor de Video",
            "code": "16694",
            "value": "SI"
          }
        ],
        "businessType": "DEVICE",
        "catalogItemID": "483564",
        "lob": [
          "WS"
        ],
        "containingOfferings": [
          {
            "offeringId": "483554",
            "offeringToProductIds": [
              "483554_483564"
            ]
          }
        ],
        "catalogItemName": "3G SAMSUNG GT S5310 GRIS SIN SD NUEVO",
        "oneTimePrice": {
          "originalAmount": 0.00,
          "finalAmount": 28.00,
          "minAmount": 0.00,
          "maxAmount": 0.00
        },
        "attachments": [
          {
            "purpose": "MA",
            "attachmentLocation": "http://www.movistar.com.pe/documents/80379/3600929/ico_movil_vert.png/066735f7-66bf-4b10-927d-823b0864bfbe?t=1454692802841",
            "type": "LVPIC"
          },
          {
            "purpose": "MA",
            "attachmentLocation": "http://www.movistar.com.pe/documents/80379/3600633/ico_movil_horiz.png/2acab631-ca16-4c41-b485-c4eaac1300cc?t=1454692755649",
            "type": "SMALLPIC"
          },
          {
            "purpose": "MA",
            "attachmentLocation": "NA",
            "type": "LVTXT"
          },
          {
            "purpose": "MA",
            "attachmentLocation": "NA",
            "type": "ADD"
          }
        ],
        "compatibleWithDevice": "NA",
        "catalogItemDescription": "3G SAMSUNG GT S5310 GRIS SIN SD NUEVO",
        "topRecommended": false,
        "catalogItemImage": "http://www.movistar.com.pe/documents/80379/3600929/ico_movil_vert.png/066735f7-66bf-4b10-927d-823b0864bfbe?t=1454692802841",
        "catalogItemDisplayName": "3G SAMSUNG GT S5310 GRIS SIN SD NUEVO",
        "bundle": false,
        "currency": "PEN",
        "type": "PRODUCT_OFFERING"
      },
      {
        "sapId": "TMGPESAS5270PM0001",
        "characteristic": [
          {
            "name": "NFC",
            "code": "16624",
            "value": "No"
          },
          {
            "name": "Bluetooth",
            "code": "16394",
            "value": "Si"
          },
          {
            "name": "Conexión a PC",
            "code": "16424",
            "value": "Si"
          },
          {
            "name": "Mensajes multimedia (MMS)",
            "code": "16604",
            "value": "Si"
          },
          {
            "name": "GPS",
            "code": "16504",
            "value": "No"
          },
          {
            "name": "Wifi",
            "code": "16814",
            "value": "Si"
          },
          {
            "name": "Mensajes de texto (SMS)",
            "code": "16594",
            "value": "Si"
          },
          {
            "name": "Correo Electronico",
            "code": "16434",
            "value": "Si"
          },
          {
            "name": "Zona Wifi",
            "code": "16824",
            "value": "No"
          },
          {
            "name": "Reproductor de música",
            "code": "16684",
            "value": "Si"
          },
          {
            "name": "Radio FM",
            "code": "16644",
            "value": "Si"
          },
          {
            "name": "Marcación por voz",
            "code": "16544",
            "value": "No"
          },
          {
            "name": "Duración de la garantía del fabricante",
            "code": "9911",
            "value": "12 meses"
          },
          {
            "name": "Aplicaciones",
            "code": "16384",
            "value": "Facebook,  Twitter,"
          },
          {
            "name": "Grabadora De Voz",
            "code": "16514",
            "value": "Si"
          },
          {
            "name": "Tipo de Bateria",
            "code": "16764",
            "value": "Li-Ion de 1000 mAh"
          },
          {
            "name": "Duración de Bateria",
            "code": "16454",
            "value": "8.0 hrs"
          },
          {
            "name": "Tipo de Pantalla",
            "code": "16774",
            "value": "TFT"
          },
          {
            "name": "Tamaño de Pantalla",
            "code": "16754",
            "value": "NA"
          },
          {
            "name": "Resolucion de Pantalla",
            "code": "16724",
            "value": "320 x 240 píxeles"
          },
          {
            "name": "Resolución Cámara Trasera",
            "code": "16714",
            "value": "2.0 MP"
          },
          {
            "name": "Zoom Cámara Frontal",
            "code": "16834",
            "value": "NA"
          },
          {
            "name": "Flash",
            "code": "16484",
            "value": "NA"
          },
          {
            "name": "Otras características de la cámara",
            "code": "16634",
            "value": "No"
          },
          {
            "name": "Resolución Cámara Frontal",
            "code": "16704",
            "value": "NA"
          },
          {
            "name": "Zoom Cámara Trasera",
            "code": "16844",
            "value": "2X"
          },
          {
            "name": "Memoria RAM",
            "code": "16584",
            "value": "NA"
          },
          {
            "name": "Procesador",
            "code": "16664",
            "value": "NA"
          },
          {
            "name": "Memoria Expandible hasta",
            "code": "16564",
            "value": "NA"
          },
          {
            "name": "Versión Sistema Operativo",
            "code": "16804",
            "value": "NA"
          },
          {
            "name": "Memoria Interna total",
            "code": "16574",
            "value": "110.00 MB"
          },
          {
            "name": "Sistema Operativo",
            "code": "16744",
            "value": "Propietario"
          },
          {
            "name": "Tipo de Teclado",
            "code": "16784",
            "value": "QWERTY"
          },
          {
            "name": "Grupo de SIM",
            "code": "16524",
            "value": "Estandar"
          },
          {
            "name": "Modelo",
            "code": "9881",
            "value": "S5270"
          },
          {
            "name": "Dimensiones",
            "code": "16444",
            "value": "103.0 mm. x 55.3 mm. x 11.9 mm."
          },
          {
            "name": "Marca",
            "code": "8811",
            "value": "SAMSUNG"
          },
          {
            "name": "Tipo de dispositivo",
            "code": "9891",
            "value": "Multimedia"
          },
          {
            "name": "Color",
            "code": "16414",
            "value": "PLOMO"
          },
          {
            "name": "Tecnología de Red",
            "code": "800444",
            "value": "3G"
          },
          {
            "name": "Peso",
            "code": "16654",
            "value": "NA"
          },
          {
            "name": "Calidad de Video",
            "code": "16404",
            "value": "NA"
          },
          {
            "name": "Resolución de Video",
            "code": "16734",
            "value": "320 x 240 píxeles"
          },
          {
            "name": "Reproductor de Video",
            "code": "16694",
            "value": "SI"
          }
        ],
        "businessType": "DEVICE",
        "catalogItemID": "483864",
        "lob": [
          "WS"
        ],
        "containingOfferings": [
          {
            "offeringId": "483854",
            "offeringToProductIds": [
              "483854_483864"
            ]
          }
        ],
        "catalogItemName": "3G SAMSUNG S5270 PLOMO NUEVO",
        "oneTimePrice": {
          "originalAmount": 0.00,
          "finalAmount": 28.00,
          "minAmount": 0.00,
          "maxAmount": 0.00
        },
        "attachments": [
          {
            "purpose": "MA",
            "attachmentLocation": "http://www.movistar.com.pe/documents/80379/3600929/ico_movil_vert.png/066735f7-66bf-4b10-927d-823b0864bfbe?t=1454692802841",
            "type": "LVPIC"
          },
          {
            "purpose": "MA",
            "attachmentLocation": "http://www.movistar.com.pe/documents/80379/3600633/ico_movil_horiz.png/2acab631-ca16-4c41-b485-c4eaac1300cc?t=1454692755649",
            "type": "SMALLPIC"
          },
          {
            "purpose": "MA",
            "attachmentLocation": "NA",
            "type": "LVTXT"
          },
          {
            "purpose": "MA",
            "attachmentLocation": "NA",
            "type": "ADD"
          }
        ],
        "compatibleWithDevice": "NA",
        "catalogItemDescription": "3G SAMSUNG S5270 PLOMO NUEVO",
        "topRecommended": false,
        "catalogItemImage": "http://www.movistar.com.pe/documents/80379/3600929/ico_movil_vert.png/066735f7-66bf-4b10-927d-823b0864bfbe?t=1454692802841",
        "catalogItemDisplayName": "3G SAMSUNG S5270 PLOMO NUEVO",
        "bundle": false,
        "currency": "PEN",
        "type": "PRODUCT_OFFERING"
      },
      {
        "sapId": "TMGPESAS5360NEDV01",
        "characteristic": [
          {
            "name": "NFC",
            "code": "16624",
            "value": "No"
          },
          {
            "name": "Bluetooth",
            "code": "16394",
            "value": "Si"
          },
          {
            "name": "Conexión a PC",
            "code": "16424",
            "value": "Si"
          },
          {
            "name": "Mensajes multimedia (MMS)",
            "code": "16604",
            "value": "Si"
          },
          {
            "name": "GPS",
            "code": "16504",
            "value": "Si"
          },
          {
            "name": "Wifi",
            "code": "16814",
            "value": "Si"
          },
          {
            "name": "Mensajes de texto (SMS)",
            "code": "16594",
            "value": "Si"
          },
          {
            "name": "Correo Electronico",
            "code": "16434",
            "value": "Si"
          },
          {
            "name": "Zona Wifi",
            "code": "16824",
            "value": "Si"
          },
          {
            "name": "Reproductor de música",
            "code": "16684",
            "value": "Si"
          },
          {
            "name": "Radio FM",
            "code": "16644",
            "value": "Si"
          },
          {
            "name": "Marcación por voz",
            "code": "16544",
            "value": "No"
          },
          {
            "name": "Duración de la garantía del fabricante",
            "code": "9911",
            "value": "12 meses"
          },
          {
            "name": "Aplicaciones",
            "code": "16384",
            "value": "Facebook,  Twitter,  Youtube,   se puede descargar más aplicaciones desde Play Store"
          },
          {
            "name": "Grabadora De Voz",
            "code": "16514",
            "value": "Si"
          },
          {
            "name": "Tipo de Bateria",
            "code": "16764",
            "value": "Li-Ion de 1200 mAh"
          },
          {
            "name": "Duración de Bateria",
            "code": "16454",
            "value": "5.0 hrs"
          },
          {
            "name": "Tipo de Pantalla",
            "code": "16774",
            "value": "TOUCHPAD"
          },
          {
            "name": "Tamaño de Pantalla",
            "code": "16754",
            "value": "3\""
          },
          {
            "name": "Resolucion de Pantalla",
            "code": "16724",
            "value": "320 x 240 píxeles"
          },
          {
            "name": "Resolución Cámara Trasera",
            "code": "16714",
            "value": "2.0 MP"
          },
          {
            "name": "Zoom Cámara Frontal",
            "code": "16834",
            "value": "NA"
          },
          {
            "name": "Flash",
            "code": "16484",
            "value": "NA"
          },
          {
            "name": "Otras características de la cámara",
            "code": "16634",
            "value": "Detección de sonrisa. (Para tomar una foto se necesita insertar una memoria externa)"
          },
          {
            "name": "Resolución Cámara Frontal",
            "code": "16704",
            "value": "NA"
          },
          {
            "name": "Zoom Cámara Trasera",
            "code": "16844",
            "value": "2X"
          },
          {
            "name": "Memoria RAM",
            "code": "16584",
            "value": "NA"
          },
          {
            "name": "Procesador",
            "code": "16664",
            "value": "Procesador de 832 MHz"
          },
          {
            "name": "Memoria Expandible hasta",
            "code": "16564",
            "value": "NA"
          },
          {
            "name": "Versión Sistema Operativo",
            "code": "16804",
            "value": "Versión 2.3.6 - Gingerbread"
          },
          {
            "name": "Memoria Interna total",
            "code": "16574",
            "value": "164.00 MB"
          },
          {
            "name": "Sistema Operativo",
            "code": "16744",
            "value": "Android"
          },
          {
            "name": "Tipo de Teclado",
            "code": "16784",
            "value": "QWERTY virtual"
          },
          {
            "name": "Grupo de SIM",
            "code": "16524",
            "value": "Estandar"
          },
          {
            "name": "Modelo",
            "code": "9881",
            "value": "S5360"
          },
          {
            "name": "Dimensiones",
            "code": "16444",
            "value": "104.0 mm. x 58.0 mm. x 11.5 mm."
          },
          {
            "name": "Marca",
            "code": "8811",
            "value": "SAMSUNG"
          },
          {
            "name": "Tipo de dispositivo",
            "code": "9891",
            "value": "Smartphone"
          },
          {
            "name": "Color",
            "code": "16414",
            "value": "NEGRO"
          },
          {
            "name": "Tecnología de Red",
            "code": "800444",
            "value": "3G"
          },
          {
            "name": "Peso",
            "code": "16654",
            "value": "NA"
          },
          {
            "name": "Calidad de Video",
            "code": "16404",
            "value": "Versión 2.3.6 - Gingerbread"
          },
          {
            "name": "Resolución de Video",
            "code": "16734",
            "value": "320 x 240 píxeles"
          },
          {
            "name": "Reproductor de Video",
            "code": "16694",
            "value": "SI"
          }
        ],
        "businessType": "DEVICE",
        "catalogItemID": "483114",
        "lob": [
          "WS"
        ],
        "containingOfferings": [
          {
            "offeringId": "483104",
            "offeringToProductIds": [
              "483104_483114"
            ]
          }
        ],
        "catalogItemName": "3G SAMSUNG S5360 NEGRO CPOLO GIF NUEVO",
        "oneTimePrice": {
          "originalAmount": 0.00,
          "finalAmount": 28.00,
          "minAmount": 0.00,
          "maxAmount": 0.00
        },
        "attachments": [
          {
            "purpose": "MA",
            "attachmentLocation": "http://www.movistar.com.pe/documents/80379/3600929/ico_movil_vert.png/066735f7-66bf-4b10-927d-823b0864bfbe?t=1454692802841",
            "type": "LVPIC"
          },
          {
            "purpose": "MA",
            "attachmentLocation": "http://www.movistar.com.pe/documents/80379/3600633/ico_movil_horiz.png/2acab631-ca16-4c41-b485-c4eaac1300cc?t=1454692755649",
            "type": "SMALLPIC"
          },
          {
            "purpose": "MA",
            "attachmentLocation": "NA",
            "type": "LVTXT"
          },
          {
            "purpose": "MA",
            "attachmentLocation": "NA",
            "type": "ADD"
          }
        ],
        "compatibleWithDevice": "NA",
        "catalogItemDescription": "3G SAMSUNG S5360 NEGRO CPOLO GIF NUEVO",
        "topRecommended": false,
        "catalogItemImage": "http://www.movistar.com.pe/documents/80379/3600929/ico_movil_vert.png/066735f7-66bf-4b10-927d-823b0864bfbe?t=1454692802841",
        "catalogItemDisplayName": "3G SAMSUNG S5360 NEGRO CPOLO GIF NUEVO",
        "bundle": false,
        "currency": "PEN",
        "type": "PRODUCT_OFFERING"
      }
    ],
    "itemsPerCategory": 48
  }
}
