{
  "BillingArrangementDetails": {
    "status": "success",
    "physicalAddress": {
      "streetType": "AVENIDA",
      "streetName": "SAN LUIS",
      "streetNumber": "1022",
      "housingComplex": "DEL AIRE ET.6",
      "housingComplexType": "CO",
      "apartment": "501",
      "district": "SAN LUIS",
      "city": "LIMA",
      "country": "PE",
      "addressId": "612994510",
      "state": "LIMA",
      "withoutNumber": false
    },
    "billMedia": {
      "billFormat": "PA"
    },
    "billingArrangementAlias": "ROMAN RICARDO LEON GOMEZ",
    "successful": true
  }
}
