{
  "ProductOptions": {
    "plan": {
      "catalogItemID": "1785373",
      "catalogItemName": "Plan Ahorro TD S/ 30 C2",
      "id": "1705819566"
    },
    "optionalServices": [
      {
        "businessType": "REGULAR",
        "catalogItemID": "5371",
        "parentCatalogItemID": "4971",
        "parentCatalogItemName": "Componente Principal de Móvil",
        "catalogItemName": "Datos",
        "oneTimePrice": {
          "originalAmount": 0.00,
          "finalAmount": 0.00,
          "finalTaxAmount": 0.00
        },
        "recurringPrice": {
          "originalAmount": 0.00,
          "finalAmount": 0.00,
          "frequency": "Mensual",
          "finalTaxAmount": 0.00
        },
        "containedServices": [
          {
            "businessType": "REGULAR",
            "catalogItemID": "5471",
            "parentCatalogItemID": "5371",
            "parentCatalogItemName": "Datos",
            "catalogItemName": "Paquete de Datos",
            "oneTimePrice": {
              "originalAmount": 0.00,
              "finalAmount": 0.00,
              "finalTaxAmount": 0.00
            },
            "recurringPrice": {
              "originalAmount": 0.00,
              "finalAmount": 0.00,
              "frequency": "Mensual",
              "finalTaxAmount": 0.00
            },
            "pricePackages": [
              {
                "catalogItemID": "1338351",
                "catalogItemName": "Combo Navega 150MB + 120Min",
                "recurringPrice": {
                  "originalAmount": 0.00,
                  "finalAmount": 0.00,
                  "frequency": "MONTH",
                  "minAmount": 15.00,
                  "maxAmount": 15.00
                },
                "catalogItemDescription": "Combo Navega 150MB + 120Min",
                "canBeRemoved": true,
                "mcssActivityAllowedX9": "CH",
                "mcssSalesChannelX9": "ALL",
                "relToParentIdX9": "1970786",
                "status": "PROPOSED"
              },
              {
                "catalogItemID": "973092",
                "catalogItemName": "Combo Navega por 15dias",
                "oneTimePrice": {
                  "originalAmount": 0.00,
                  "finalAmount": 0.00,
                  "minAmount": 12.00,
                  "maxAmount": 12.00
                },
                "catalogItemDescription": "Combo Navega por 15dias",
                "canBeRemoved": true,
                "mcssActivityAllowedX9": "CH",
                "mcssSalesChannelX9": "ALL",
                "relToParentIdX9": "1970716",
                "status": "PROPOSED"
              },
              {
                "catalogItemID": "1338361",
                "catalogItemName": "Full Internet 300MB",
                "recurringPrice": {
                  "originalAmount": 0.00,
                  "finalAmount": 0.00,
                  "frequency": "MONTH",
                  "minAmount": 12.00,
                  "maxAmount": 12.00
                },
                "catalogItemDescription": "Full Internet 300MB",
                "canBeRemoved": true,
                "mcssActivityAllowedX9": "ALL",
                "mcssSalesChannelX9": "ALL",
                "relToParentIdX9": "1970796",
                "status": "PROPOSED"
              },
              {
                "catalogItemID": "1338371",
                "catalogItemName": "Full Internet 500MB.",
                "recurringPrice": {
                  "originalAmount": 0.00,
                  "finalAmount": 0.00,
                  "frequency": "MONTH",
                  "minAmount": 20.00,
                  "maxAmount": 20.00
                },
                "catalogItemDescription": "Full Internet 500MB.",
                "canBeRemoved": true,
                "mcssActivityAllowedX9": "ALL",
                "mcssSalesChannelX9": "ALL",
                "relToParentIdX9": "1970806",
                "status": "PROPOSED"
              },
              {
                "catalogItemID": "1076401",
                "catalogItemName": "Paquete Full Internet 1 GB      ",
                "recurringPrice": {
                  "originalAmount": 0.00,
                  "finalAmount": 0.00,
                  "frequency": "MONTH",
                  "minAmount": 30.00,
                  "maxAmount": 30.00
                },
                "catalogItemDescription": "Paquete Full Internet 1 GB      ",
                "canBeRemoved": true,
                "mcssActivityAllowedX9": "ALL",
                "mcssSalesChannelX9": "ALL",
                "relToParentIdX9": "1970516",
                "status": "PROPOSED"
              },
              {
                "catalogItemID": "1076541",
                "catalogItemName": "Paquete Full Internet 1.5 GB",
                "recurringPrice": {
                  "originalAmount": 0.00,
                  "finalAmount": 0.00,
                  "frequency": "MONTH",
                  "minAmount": 45.01,
                  "maxAmount": 45.01
                },
                "catalogItemDescription": "Paquete Full Internet 1.5 GB",
                "canBeRemoved": true,
                "mcssActivityAllowedX9": "ALL",
                "mcssSalesChannelX9": "ALL",
                "relToParentIdX9": "1970646",
                "status": "PROPOSED"
              },
              {
                "catalogItemID": "1076391",
                "catalogItemName": "Paquete Full Internet 500 MB    ",
                "recurringPrice": {
                  "originalAmount": 0.00,
                  "finalAmount": 0.00,
                  "frequency": "MONTH",
                  "minAmount": 16.00,
                  "maxAmount": 16.00
                },
                "catalogItemDescription": "Paquete Full Internet 500 MB    ",
                "canBeRemoved": true,
                "mcssActivityAllowedX9": "ALL",
                "mcssSalesChannelX9": "ALL",
                "relToParentIdX9": "1970506",
                "status": "PROPOSED"
              },
              {
                "catalogItemID": "1338311",
                "catalogItemName": "Paquete Internet Redes Sociales por 15 días",
                "oneTimePrice": {
                  "originalAmount": 0.00,
                  "finalAmount": 0.00,
                  "minAmount": 15.00,
                  "maxAmount": 15.01
                },
                "catalogItemDescription": "Paquete Internet Redes Sociales por 15 días",
                "canBeRemoved": true,
                "mcssActivityAllowedX9": "ALL",
                "mcssSalesChannelX9": "ALL",
                "relToParentIdX9": "1970766",
                "status": "PROPOSED"
              },
              {
                "catalogItemID": "1338321",
                "catalogItemName": "Paquete Internet Redes Sociales por 30 dias",
                "oneTimePrice": {
                  "originalAmount": 0.00,
                  "finalAmount": 0.00,
                  "minAmount": 30.00,
                  "maxAmount": 30.00
                },
                "catalogItemDescription": "Paquete Internet Redes Sociales por 30 dias",
                "canBeRemoved": true,
                "mcssActivityAllowedX9": "ALL",
                "mcssSalesChannelX9": "ALL",
                "relToParentIdX9": "1970776",
                "status": "PROPOSED"
              },
              {
                "catalogItemID": "973042",
                "catalogItemName": "Paquete Internet Total 1 GB por 30 dias",
                "oneTimePrice": {
                  "originalAmount": 0.00,
                  "finalAmount": 0.00,
                  "minAmount": 40.00,
                  "maxAmount": 40.00
                },
                "catalogItemDescription": "Paquete Internet Total 1 GB por 30 dias",
                "canBeRemoved": true,
                "mcssActivityAllowedX9": "ALL",
                "mcssSalesChannelX9": "ALL",
                "relToParentIdX9": "1970346",
                "status": "PROPOSED"
              },
              {
                "catalogItemID": "973022",
                "catalogItemName": "Paquete Internet Total 250 MB por 30 dias",
                "oneTimePrice": {
                  "originalAmount": 0.00,
                  "finalAmount": 0.00,
                  "minAmount": 16.00,
                  "maxAmount": 16.00
                },
                "catalogItemDescription": "Paquete Internet Total 250 MB por 30 dias",
                "canBeRemoved": true,
                "mcssActivityAllowedX9": "ALL",
                "mcssSalesChannelX9": "ALL",
                "relToParentIdX9": "1970326",
                "status": "PROPOSED"
              },
              {
                "catalogItemID": "973052",
                "catalogItemName": "Paquete Internet Total 500 MB por 30 dias",
                "oneTimePrice": {
                  "originalAmount": 0.00,
                  "finalAmount": 0.00,
                  "minAmount": 30.00,
                  "maxAmount": 30.00
                },
                "catalogItemDescription": "Paquete Internet Total 500 MB por 30 dias",
                "canBeRemoved": true,
                "mcssActivityAllowedX9": "ALL",
                "mcssSalesChannelX9": "ALL",
                "relToParentIdX9": "1970356",
                "status": "PROPOSED"
              }
            ],
            "mandatory": true,
            "catalogItemDescription": "Paquete de Datos",
            "canBeUpdated": true,
            "canBeSuspended": true,
            "canBeResumed": false,
            "parentStatus": "ACTIVE",
            "isdefault": true,
            "relationToParentID": "2015397",
            "replaceStatus": "EXISTING",
            "canBeRemoved": false,
            "presentationTypeX9": "Y",
            "temporaryIDX9": "P2d332b57-5941-4ffb-b5e4-31d1894b7522",
            "currency": "PEN",
            "id": "1705718850",
            "status": "ACTIVE",
            "serviceType": "GROUP"
          }
        ],
        "catalogItemDescription": "Datos",
        "canBeUpdated": true,
        "canBeSuspended": true,
        "canBeResumed": false,
        "relationToParentID": "7201",
        "replaceStatus": "EXISTING",
        "canBeRemoved": true,
        "presentationTypeX9": "Y",
        "temporaryIDX9": "Pdaa0d7e4-1fff-470c-a2e1-c3adcc90eb58",
        "currency": "PEN",
        "id": "1705718849",
        "status": "ACTIVE",
        "serviceType": "GROUP"
      },
      {
        "businessType": "REGULAR",
        "catalogItemID": "6321",
        "parentCatalogItemID": "4971",
        "parentCatalogItemName": "Componente Principal de Móvil",
        "catalogItemName": "Servicios Adicionales",
        "oneTimePrice": {
          "originalAmount": 0.00,
          "finalAmount": 0.00,
          "finalTaxAmount": 0.00
        },
        "recurringPrice": {
          "originalAmount": 0.00,
          "finalAmount": 0.00,
          "frequency": "Mensual",
          "finalTaxAmount": 0.00
        },
        "pricePackages": [
          {
            "catalogItemID": "1076151",
            "catalogItemName": "BO Cargo Mensual Facturacion Detallada",
            "recurringPrice": {
              "originalAmount": 0.00,
              "finalAmount": 0.00,
              "frequency": "MONTH",
              "minAmount": 1.36,
              "maxAmount": 1.36
            },
            "catalogItemDescription": "BO Cargo Mensual Facturacion Detallada",
            "canBeRemoved": true,
            "mcssActivityAllowedX9": "ALL",
            "mcssSalesChannelX9": "ALL",
            "relToParentIdX9": "1971326",
            "status": "PROPOSED"
          },
          {
            "catalogItemID": "1076131",
            "catalogItemName": "BO Cargo Mensual Multiasistencia",
            "recurringPrice": {
              "originalAmount": 0.00,
              "finalAmount": 0.00,
              "frequency": "MONTH",
              "minAmount": 0.00,
              "maxAmount": 0.00
            },
            "catalogItemDescription": "BO Cargo Mensual Multiasistencia",
            "canBeRemoved": true,
            "mcssActivityAllowedX9": "ALL",
            "mcssSalesChannelX9": "ALL",
            "relToParentIdX9": "1971306",
            "status": "PROPOSED"
          },
          {
            "catalogItemID": "1986397",
            "catalogItemName": "Cargo Mensual Multiasistencia Integral",
            "recurringPrice": {
              "originalAmount": 0.00,
              "finalAmount": 0.00,
              "frequency": "MONTH",
              "minAmount": 4.85,
              "maxAmount": 4.85
            },
            "catalogItemDescription": "Cargo Mensual Multiasistencia Integral",
            "canBeRemoved": true,
            "mcssActivityAllowedX9": "ALL",
            "mcssSalesChannelX9": "ALL",
            "relToParentIdX9": "1988717",
            "status": "PROPOSED"
          },
          {
            "catalogItemID": "1986407",
            "catalogItemName": "Cargo Mensual Multiasistencia Premium",
            "recurringPrice": {
              "originalAmount": 0.00,
              "finalAmount": 0.00,
              "frequency": "MONTH",
              "minAmount": 7.56,
              "maxAmount": 7.56
            },
            "catalogItemDescription": "Cargo Mensual Multiasistencia Premium",
            "canBeRemoved": true,
            "mcssActivityAllowedX9": "ALL",
            "mcssSalesChannelX9": "ALL",
            "relToParentIdX9": "1988727",
            "status": "PROPOSED"
          },
          {
            "catalogItemID": "1075681",
            "catalogItemName": "Cargo único facturación detallada",
            "oneTimePrice": {
              "originalAmount": 0.00,
              "finalAmount": 0.00,
              "minAmount": 0.00,
              "maxAmount": 0.00
            },
            "catalogItemDescription": "Cargo único facturación detallada",
            "canBeRemoved": true,
            "mcssActivityAllowedX9": "ALL",
            "mcssSalesChannelX9": "ALL",
            "relToParentIdX9": "1971296",
            "status": "PROPOSED"
          }
        ],
        "catalogItemDescription": "Servicios Adicionales",
        "canBeUpdated": true,
        "canBeSuspended": false,
        "canBeResumed": false,
        "relationToParentID": "7361",
        "replaceStatus": "EXISTING",
        "canBeRemoved": true,
        "presentationTypeX9": "Y",
        "temporaryIDX9": "Pf9c550da-bf6c-4f70-b312-8d4cac61788d",
        "currency": "PEN",
        "id": "1705718848",
        "status": "ACTIVE",
        "serviceType": "GROUP"
      },
      {
        "businessType": "REGULAR",
        "catalogItemID": "6671",
        "parentCatalogItemID": "4971",
        "parentCatalogItemName": "Componente Principal de Móvil",
        "catalogItemName": "Friends & Family - F&F (Dúos)",
        "oneTimePrice": {
          "originalAmount": 0.00,
          "finalAmount": 0.00,
          "finalTaxAmount": 0.00
        },
        "recurringPrice": {
          "originalAmount": 0.00,
          "finalAmount": 0.00,
          "frequency": "Mensual",
          "finalTaxAmount": 0.00
        },
        "containedServices": [
          {
            "businessType": "FRIENDS_AND_FAMILY",
            "catalogItemID": "6771",
            "parentCatalogItemID": "6671",
            "parentCatalogItemName": "Friends & Family - F&F (Dúos)",
            "catalogItemName": "Paquetes de Friends & Family - F&F (Dúos)",
            "mandatory": false,
            "catalogItemDescription": "Paquetes de Amigos y Familia - F&F (Dúos)",
            "canBeUpdated": true,
            "canBeSuspended": false,
            "canBeResumed": false,
            "isdefault": true,
            "relationToParentID": "7481",
            "canBeRemoved": true,
            "presentationTypeX9": "N",
            "serviceType": "SERVICE"
          }
        ],
        "catalogItemDescription": "Amigos y Familia - F&F (Dúos)",
        "canBeUpdated": true,
        "canBeSuspended": false,
        "canBeResumed": false,
        "relationToParentID": "1971496",
        "replaceStatus": "EXISTING",
        "canBeRemoved": false,
        "presentationTypeX9": "Y",
        "temporaryIDX9": "P9b14efbd-8db9-49aa-a86c-d86cf3813dea",
        "currency": "PEN",
        "id": "1705718851",
        "status": "ACTIVE",
        "serviceType": "GROUP"
      }
    ],
    "devices": [
      {
        "catalogItemID": "517854",
        "catalogItemName": "4G LG D390 BLANCO NUEVO",
        "catalogItemDescription": "4G LG D390 BLANCO NUEVO",
        "catalogItemImage": "http://www.movistar.com.pe/documents/80379/3601674/f60_1016_Big_Imagen.png/dc16f8a6-f9ea-4ded-b60f-cea366cacaaa?t=1454692873739",
        "brand": "LG",
        "model": "D390 F60",
        "id": "1705819567"
      }
    ],
    "productSpecX9": "7111"
  }
}
