{
  "ImplPGResponseData": {
    "authorizationResult": "00",
    "errorCode": "001",
    "errorMessage": "No Error",
    "bin": "451254",
    "brand": "VISA",
    "paymentReferenceCode": "485951******5031",
    "idCard": "Version%3A%201.0.0-201602232111%0A%0A-----BEGIN%20PGP%20MESSAGE-----%0AVersion%3A%20BCPG%20v1.50%0A%0AhQEMA3YYO8d2zepgAQf%2FQqmGoT%2B2iMPgCPTNemKffzOCb9Ib%2FVyHbOdX5NjESTw%2F%0AFNpVF4tqHT49rkV30LpKGeTaRCCzQrJ9NP91nTkWpXlbT94f7CjTEIBJTXOwzYen%0ABnnceLa1ZN0kxKCGggmIkuufObyrnwmFx4F3gi6GpbUUNFLNtlMljGuAD4Pcza5v%0A4a7nnGuoR%2BTsLp%2BIEJs5geUbMBTJ2ZuGr6RQfPSzVY3%2ByMMyhqg8RT0Fu%2BapHadw%0AuzPp6FqBV3yZ%2BDdQYmblbkBp4vmjGDRnMZQFvBmDNtMwKwS9IXfI3F7pK%2B8tg8mG%0Ap40yc99qHlmnJ17UeHkMTJhnIaEqRE7P9898a4C74tJJAZwE%2FOpE0%2BZkmVvtFd1M%0ALsvIdtuzHzze4EAVPPvPrM0Z%2BCuGoDK0UvVm4eJ66ZM88RDDOmwTeQdVSLLm%2BkJY%0Aiv570kF0nSPz%2FA%3D%3D%0A%3D9Ir6%0A-----END%20PGP%20MESSAGE-----",
    "type": "recharge"
  }
}
