{
  "PayMeans": {
    "card": [
      {
        "brand": "Mastercard",
        "validityMonth": "02",
        "validityYear": "2019",
        "imprintedName": "Paula Cantala",
        "lastFourDigits": "1098",
        "ccNumberX9": "@ABCD1234XYZ!==1458118941765"
      },
      {
        "DefaultPayMean": true,
        "brand": "Amex",
        "validityMonth": "6",
        "validityYear": "2018",
        "imprintedName": "Rico de Vega",
        "lastFourDigits": "9755",
        "ccNumberX9": "@ABCD1234XYZ!==1458119049556"
      }
    ]
  }
}
