{
  "ImplValidatePeruvianAddressOutput": {
    "state": "01",
    "province": "01",
    "district": "01",
    "ubigeo": "01",
    "streetType": "AV",
    "streetName": "Avenida de la Republica",
    "streetNrFirst": "1919",
    "block": "01",
    "lot": "01",
    "concatenatedAddress": "Avenida de la Republica 1919",
    "subUnitType": "UR",
    "subUnitNr": "URBANIZACION RESIDENCIAL",
    "x": "11",
    "y": "22",
    "addressValid": true,
    "selectedLocationMatch": false,
    "validForDelivery": true
  }
}
