{
  "Product": {
    "province": "15",
    "locality": "01",
    "serviceOptions": [{
      "parentCatalogItemID": "4971",
      "replaceStatus": "EXISTING",
      "canBeRemoved": true,
      "relationToParentID": "7131",
      "businessType": "REGULAR",
      "catalogItemID": "5071",
      "catalogItemName": "Voz",
      "catalogItemDescription": "Voz",
      "parameters": [{
        "valueType": "STRING",
        "mandatory": false,
        "valueName": "Activo",
        "valueSize": 256,
        "valueDisplayName": "Activo",
        "name": "Llamada en espera"
      }, {
        "valueType": "STRING",
        "mandatory": false,
        "valueName": "Activo",
        "valueSize": 256,
        "valueDisplayName": "Activo",
        "name": "Casilla de Mensajes"
      }],
      "currency": "PEN",
      "id": "1963473677",
      "serviceType": "GROUP"
    }],
    "svg": "POS2",
    "links": [{
      "href": "ecommerce/customer/57019043/product/1963473650?sc=SS&lo=es_PE",
      "rel": "self"
    }],
    "services": [{
      "links": [{
        "href": "ecommerce/customer/57019043/product/1963473650/service/{3}/options?salesChannel=SS&locale=es_PE",
        "rel": "options"
      }],
      "containedServices": [{
        "links": [{
          "href": "ecommerce/customer/57019043/product/1963473650/service/{3}/options?salesChannel=SS&locale=es_PE",
          "rel": "options"
        }],
        "serviceType": "Service"
      }],
      "serviceType": "Group"
    }, {
      "links": [{
        "href": "ecommerce/customer/57019043/product/1963473650/service/{3}/options?salesChannel=SS&locale=es_PE",
        "rel": "options"
      }],
      "containedServices": [{
        "links": [{
          "href": "ecommerce/customer/57019043/product/1963473650/service/{3}/options?salesChannel=SS&locale=es_PE",
          "rel": "options"
        }],
        "serviceType": "Service"
      }],
      "serviceType": "Group"
    }, {
      "links": [{
        "href": "ecommerce/customer/57019043/product/1963473650/service/{3}/options?salesChannel=SS&locale=es_PE",
        "rel": "options"
      }],
      "containedServices": [{
        "links": [{
          "href": "ecommerce/customer/57019043/product/1963473650/service/{3}/options?salesChannel=SS&locale=es_PE",
          "rel": "options"
        }],
        "serviceType": "Service"
      }, {
        "links": [{
          "href": "ecommerce/customer/57019043/product/1963473650/service/{3}/options?salesChannel=SS&locale=es_PE",
          "rel": "options"
        }],
        "serviceType": "Service"
      }, {
        "links": [{
          "href": "ecommerce/customer/57019043/product/1963473650/service/{3}/options?salesChannel=SS&locale=es_PE",
          "rel": "options"
        }],
        "serviceType": "Service"
      }, {
        "links": [{
          "href": "ecommerce/customer/57019043/product/1963473650/service/{3}/options?salesChannel=SS&locale=es_PE",
          "rel": "options"
        }],
        "serviceType": "Service"
      }],
      "serviceType": "Group"
    }, {
      "links": [{
        "href": "ecommerce/customer/57019043/product/1963473650/service/{3}/options?salesChannel=SS&locale=es_PE",
        "rel": "options"
      }],
      "containedServices": [{
        "links": [{
          "href": "ecommerce/customer/57019043/product/1963473650/service/{3}/options?salesChannel=SS&locale=es_PE",
          "rel": "options"
        }],
        "serviceType": "Service"
      }, {
        "links": [{
          "href": "ecommerce/customer/57019043/product/1963473650/service/{3}/options?salesChannel=SS&locale=es_PE",
          "rel": "options"
        }],
        "pricePackages": [{
          "catalogItemID": "2096153",
          "catalogItemName": "Activaci<F3>n MB Internacionales",
          "catalogItemDescription": "Activaci<F3>n MB Internacionales",
          "id": "1963473670",
          "status": "ACTIVE"
        }],
        "serviceType": "Service"
      }],
      "serviceType": "Group"
    }, {
      "links": [{
        "href": "ecommerce/customer/57019043/product/1963473650/service/{3}/options?salesChannel=SS&locale=es_PE",
        "rel": "options"
      }],
      "containedServices": [{
        "links": [{
          "href": "ecommerce/customer/57019043/product/1963473650/service/{3}/options?salesChannel=SS&locale=es_PE",
          "rel": "options"
        }],
        "serviceType": "Service"
      }, {
        "links": [{
          "href": "ecommerce/customer/57019043/product/1963473650/service/{3}/options?salesChannel=SS&locale=es_PE",
          "rel": "options"
        }],
        "serviceType": "Service"
      }],
      "serviceType": "Group"
    }],
    "serviceId": "920958970",
    "plan": {
      "catalogItemID": "2010493",
      "catalogItemImages": {
        "LVTXT": "http://www.movistar.com.pe/",
        "SMALLPIC": "http://www.movistar.com.pe/documents/80379/3600633/ico_planes_horiz.png/e9f4626d-f99c-411a-b847-fc10d973e4ed?t=1454692755938",
        "LVPIC": "http://www.movistar.com.pe/documents/80379/3600633/ico_planes_horiz.png/e9f4626d-f99c-411a-b847-fc10d973e4ed?t=1454692755938",
        "ADD": "http://www.cms.movistar.com.pe/documents/80379/5035939/Consulta+de+detalle+de+Plan/0d94e7e7-603a-4dc6-b8df-9a0db70412d8"
      },
      "catalogItemName": "Plan Elige m<E1>s S/ 89.90",
      "catalogItemDescription": "Plan Elige m<E1>s S/ 89.90",
      "parameters": [{
        "valueName": "0",
        "businessType": "REGULAR",
        "catalogId": "1837331",
        "name": "L<ED>mite de Cr<E9>dito de Datos"
      }, {
        "valueName": "S_FP_WHAT|S_FP_FAVI|S_FP_FAME|S_FP_WAZE|S_FP_SPOT|S_FP_TWIT",
        "businessType": "REGULAR",
        "catalogId": "4167898",
        "name": "Default Apps at FunPack"
      }, {
        "valueName": "-1",
        "businessType": "REGULAR",
        "catalogId": "9381",
        "name": "Anular monto de cargos recurrentes del plan"
      }, {
        "valueName": "Movil Abierto",
        "businessType": "REGULAR",
        "catalogId": "9321",
        "name": "PO Clasificaci<F3>n"
      }, {
        "valueName": "0",
        "businessType": "REGULAR",
        "catalogId": "9391",
        "name": "L<ED>mite de Cr<E9>dito de consumo adicional al Plan"
      }, {
        "valueName": "R5(S/ 79.00 - S/ 98.99)",
        "businessType": "REGULAR",
        "catalogId": "9331",
        "name": "Grupo del Plan"
      }, {
        "businessType": "REGULAR",
        "catalogId": "9371",
        "name": "Informaci<F3>n del plan"
      }, {
        "valueName": "89",
        "businessType": "REGULAR",
        "catalogId": "9361",
        "name": "Ranking del plan"
      }, {
        "valueName": "Postpago",
        "businessType": "REGULAR",
        "catalogId": "9341",
        "name": "Producto"
      }, {
        "valueName": "0",
        "businessType": "REGULAR",
        "catalogId": "1837341",
        "name": "L<ED>mite de Cr<E9>dito de SMS"
      }, {
        "valueName": "Sin cambios",
        "businessType": "REGULAR",
        "catalogId": "1354561",
        "name": "Indicador de cambio de plan"
      }, {
        "valueName": "0",
        "businessType": "REGULAR",
        "catalogId": "1837321",
        "name": "L<ED>mite de Cr<E9>dito de Voz"
      }],
      "id": "1963473665"
    },
    "isDeviceInGracingPeriod": false,
    "isSimInGracingPeriod": false,
    "resumeActionAllowed": false,
    "lostAndStolenResume": false,
    "futurePlanRankInSplitFlow": 0,
    "deviceCommitmentPeriodEndDate": "0",
    "hasPendingOrders": false,
    "lineOfBusiness": "WS",
    "catalogItemID": "7111",
    "catalogOfferingId": "2008733",
    "devices": [{
      "brand": "NA",
      "iccidx9": "8951064021814044371",
      "imeix9": "716060844325236",
      "pin1X9": "1234",
      "pin2X9": "6327",
      "puk1X9": "23701726",
      "puk2X9": "42505895",
      "commitmentPeriodX9": "0",
      "returnAllowedViaCurrentDealer": true,
      "acquisitionType": "CUSTOMER_OWN",
      "simCorrelationIdX9": "SIM_1963473786",
      "catalogItemName": "Dispositivo",
      "catalogItemDescription": "Dispositivo",
      "id": "1963473672"
    }],
    "ceaseActionAllowed": true,
    "changeActionAllowed": true,
    "id": "1963473650",
    "status": "AC"
  }
}
