{
  "CartHeader": {
    "exists": true,
    "id": "1738955A",
    "items": [
      {
        "plan": [
          {
            "catalogItemID": "1731896",
            "planTypeX9": "POST",
            "catalogItemName": "Plan Vuela Inteligente S/.119.9",
            "oneTimePrice": {
              "originalAmount": 0.00,
              "finalAmount": 0.00,
              "finalTaxAmount": 0.00
            },
            "recurringPrice": {
              "originalAmount": 0.00,
              "finalAmount": 101.61,
              "frequency": "MONTH",
              "finalAmountWithTax": 119.90,
              "finalTaxAmount": 18.29,
              "originalTaxAmount": 18.29,
              "proratedDiscountAmount": 0.00,
              "proratedTaxAmount": 0.00,
              "proratedAmount": 0.00
            },
            "previousRecurringPrice": {
              "amount": 0.00,
              "taxAmount": 0.00,
              "finalAmountWithTax": 0.00
            },
            "id": "1705819562",
            "action": "ADD"
          },
          {
            "catalogItemID": "1731826",
            "planTypeX9": "BOTH",
            "catalogItemName": "Plan Vuela Univ S/.110 C",
            "oneTimePrice": {
              "originalAmount": 0.00,
              "finalAmount": 0.00,
              "finalTaxAmount": 0.00
            },
            "recurringPrice": {
              "originalAmount": 0.00,
              "finalAmount": 0.00,
              "frequency": "MONTH",
              "finalAmountWithTax": 0.00,
              "finalTaxAmount": 0.00,
              "originalTaxAmount": 0.00,
              "proratedDiscountAmount": 0.00,
              "proratedTaxAmount": 0.00,
              "proratedAmount": 0.00
            },
            "previousRecurringPrice": {
              "amount": 0.00,
              "taxAmount": 0.00,
              "finalAmountWithTax": 0.00
            },
            "id": "1705756936",
            "action": "REMOVE"
          }
        ],
        "installationAddressID": "620171299",
        "productOfferingId": "1731176",
        "productId": "1660244359",
        "lob": "WS",
        "oneTimePrice": {
          "originalAmount": 0.00,
          "finalAmount": 0.00,
          "finalTaxAmount": 0.00,
          "currency": "PEN"
        },
        "recurringPrice": {
          "originalAmount": 143.98,
          "finalAmount": 143.98,
          "frequency": "MONTH",
          "finalAmountWithTax": 169.90,
          "finalTaxAmount": 25.92,
          "originalTaxAmount": 25.92,
          "proratedDiscountAmount": 0.00,
          "proratedTaxAmount": 0.00,
          "proratedAmount": 93.22
        },
        "productServiceId": "947580115",
        "devices": [
          {
            "catalogItemID": "5721",
            "catalogItemName": "Dispositivo",
            "oneTimePrice": {
              "originalAmount": 0.00,
              "finalAmount": 0.00,
              "finalTaxAmount": 0.00
            },
            "recurringPrice": {
              "originalAmount": 0.00,
              "finalAmount": 0.00,
              "frequency": "MONTH",
              "finalAmountWithTax": 0.00,
              "finalTaxAmount": 0.00,
              "originalTaxAmount": 0.00,
              "proratedDiscountAmount": 0.00,
              "proratedTaxAmount": 0.00,
              "proratedAmount": 0.00
            },
            "acquisitionTypeX9": "AcquisitionType",
            "immediatePriceX9": {
              "originalAmount": 0.00,
              "finalAmount": 0.00,
              "finalTaxAmount": 0.00
            },
            "previousRecurringPrice": {
              "amount": 0.00,
              "taxAmount": 0.00,
              "finalAmountWithTax": 0.00
            },
            "isPostpagoFacilX9": "No",
            "dynamicPropertiesX9": [
              {
                "name": "SAP_ID",
                "value": "TMGPELG0H440TIST01"
              },
              {
                "name": "IMEI",
                "value": "359193061591145"
              },
              {
                "name": "ShipmentAllowed",
                "value": "No"
              }
            ],
            "referenceItem": true,
            "brand": "LG",
            "model": "C70",
            "id": "1660244178",
            "action": "CHANGE"
          }
        ],
        "equipment": false,
        "ownDeviceX9": false,
        "fonoYa": false,
        "sharedProduct": false,
        "productCatalogId": "4971",
        "productName": "Componente Principal de Móvil",
        "services": [
          {
            "businessType": "REGULAR",
            "catalogItemID": "6321",
            "catalogItemName": "Servicios Adicionales",
            "oneTimePrice": {
              "originalAmount": 0.00,
              "finalAmount": 0.00,
              "finalTaxAmount": 0.00
            },
            "recurringPrice": {
              "originalAmount": 0.00,
              "finalAmount": 42.37,
              "frequency": "MONTH",
              "finalAmountWithTax": 50.00,
              "finalTaxAmount": 7.63,
              "originalTaxAmount": 7.63,
              "proratedDiscountAmount": 0.00,
              "proratedTaxAmount": 0.00,
              "proratedAmount": 0.00
            },
            "pricePackages": [
              {
                "catalogItemID": "1986377",
                "catalogItemName": "Cargo Mensual Membresia SmartBundle",
                "oneTimePrice": {
                  "originalAmount": 0.00,
                  "finalAmount": 0.00,
                  "finalTaxAmount": 0.00
                },
                "recurringPrice": {
                  "originalAmount": 0.00,
                  "finalAmount": 42.37,
                  "frequency": "MONTH",
                  "finalAmountWithTax": 50.00,
                  "finalTaxAmount": 7.63,
                  "originalTaxAmount": 7.63,
                  "proratedDiscountAmount": 0.00,
                  "proratedTaxAmount": 0.00,
                  "proratedAmount": 0.00
                },
                "previousRecurringPrice": {
                  "amount": 0.00,
                  "taxAmount": 0.00,
                  "finalAmountWithTax": 0.00
                },
                "id": "1705819561",
                "action": "ADD"
              }
            ],
            "immediatePriceX9": {
              "originalAmount": 0.00,
              "finalAmount": 0.00,
              "finalTaxAmount": 0.00
            },
            "relationToParentID": "1741296",
            "previousRecurringPrice": {
              "amount": 0.00,
              "taxAmount": 0.00,
              "finalAmountWithTax": 0.00
            },
            "id": "1660244023",
            "action": "CHANGE",
            "status": "ACTIVE",
            "serviceType": "GROUP"
          },
          {
            "businessType": "REGULAR",
            "catalogItemID": "5371",
            "catalogItemName": "Datos",
            "oneTimePrice": {
              "originalAmount": 0.00,
              "finalAmount": 0.00,
              "finalTaxAmount": 0.00
            },
            "recurringPrice": {
              "originalAmount": 0.00,
              "finalAmount": 0.00,
              "frequency": "MONTH",
              "finalAmountWithTax": 0.00,
              "finalTaxAmount": 0.00,
              "originalTaxAmount": 0.00,
              "proratedDiscountAmount": 0.00,
              "proratedTaxAmount": 0.00,
              "proratedAmount": 0.00
            },
            "immediatePriceX9": {
              "originalAmount": 0.00,
              "finalAmount": 0.00,
              "finalTaxAmount": 0.00
            },
            "relationToParentID": "7201",
            "previousRecurringPrice": {
              "amount": 0.00,
              "taxAmount": 0.00,
              "finalAmountWithTax": 0.00
            },
            "id": "1660244231",
            "action": "CHANGE",
            "status": "ACTIVE",
            "serviceType": "GROUP"
          },
          {
            "businessType": "REGULAR",
            "catalogItemID": "6671",
            "catalogItemName": "Friends & Family - F&F (Dúos)",
            "oneTimePrice": {
              "originalAmount": 0.00,
              "finalAmount": 0.00,
              "finalTaxAmount": 0.00
            },
            "recurringPrice": {
              "originalAmount": 0.00,
              "finalAmount": 0.00,
              "frequency": "MONTH",
              "finalAmountWithTax": 0.00,
              "finalTaxAmount": 0.00,
              "originalTaxAmount": 0.00,
              "proratedDiscountAmount": 0.00,
              "proratedTaxAmount": 0.00,
              "proratedAmount": 0.00
            },
            "immediatePriceX9": {
              "originalAmount": 0.00,
              "finalAmount": 0.00,
              "finalTaxAmount": 0.00
            },
            "relationToParentID": "1741556",
            "previousRecurringPrice": {
              "amount": 0.00,
              "taxAmount": 0.00,
              "finalAmountWithTax": 0.00
            },
            "id": "1660244625",
            "action": "CHANGE",
            "status": "ACTIVE",
            "serviceType": "GROUP"
          },
          {
            "businessType": "REGULAR",
            "catalogItemID": "5821",
            "catalogItemName": "Internacional (LDI)",
            "oneTimePrice": {
              "originalAmount": 0.00,
              "finalAmount": 0.00,
              "finalTaxAmount": 0.00
            },
            "recurringPrice": {
              "originalAmount": 0.00,
              "finalAmount": 0.00,
              "frequency": "MONTH",
              "finalAmountWithTax": 0.00,
              "finalTaxAmount": 0.00,
              "originalTaxAmount": 0.00,
              "proratedDiscountAmount": 0.00,
              "proratedTaxAmount": 0.00,
              "proratedAmount": 0.00
            },
            "immediatePriceX9": {
              "originalAmount": 0.00,
              "finalAmount": 0.00,
              "finalTaxAmount": 0.00
            },
            "relationToParentID": "7321",
            "previousRecurringPrice": {
              "amount": 0.00,
              "taxAmount": 0.00,
              "finalAmountWithTax": 0.00
            },
            "id": "1660244149",
            "action": "CHANGE",
            "status": "ACTIVE",
            "serviceType": "GROUP"
          },
          {
            "businessType": "REGULAR",
            "catalogItemID": "6071",
            "catalogItemName": "Mensajería (SMS)",
            "oneTimePrice": {
              "originalAmount": 0.00,
              "finalAmount": 0.00,
              "finalTaxAmount": 0.00
            },
            "recurringPrice": {
              "originalAmount": 0.00,
              "finalAmount": 0.00,
              "frequency": "MONTH",
              "finalAmountWithTax": 0.00,
              "finalTaxAmount": 0.00,
              "originalTaxAmount": 0.00,
              "proratedDiscountAmount": 0.00,
              "proratedTaxAmount": 0.00,
              "proratedAmount": 0.00
            },
            "immediatePriceX9": {
              "originalAmount": 0.00,
              "finalAmount": 0.00,
              "finalTaxAmount": 0.00
            },
            "relationToParentID": "7241",
            "previousRecurringPrice": {
              "amount": 0.00,
              "taxAmount": 0.00,
              "finalAmountWithTax": 0.00
            },
            "id": "1660244125",
            "action": "CHANGE",
            "status": "ACTIVE",
            "serviceType": "GROUP"
          },
          {
            "businessType": "REGULAR",
            "catalogItemID": "5671",
            "catalogItemName": "Tarjeta SIM",
            "oneTimePrice": {
              "originalAmount": 0.00,
              "finalAmount": 0.00,
              "finalTaxAmount": 0.00
            },
            "recurringPrice": {
              "originalAmount": 0.00,
              "finalAmount": 0.00,
              "frequency": "MONTH",
              "finalAmountWithTax": 0.00,
              "finalTaxAmount": 0.00,
              "originalTaxAmount": 0.00,
              "proratedDiscountAmount": 0.00,
              "proratedTaxAmount": 0.00,
              "proratedAmount": 0.00
            },
            "immediatePriceX9": {
              "originalAmount": 0.00,
              "finalAmount": 0.00,
              "finalTaxAmount": 0.00
            },
            "relationToParentID": "7431",
            "previousRecurringPrice": {
              "amount": 0.00,
              "taxAmount": 0.00,
              "finalAmountWithTax": 0.00
            },
            "dynamicPropertiesX9": [
              {
                "name": "SAP_ID",
                "value": "TSPE41282F3R510101"
              }
            ],
            "id": "1660244205",
            "action": "CHANGE",
            "status": "ACTIVE"
          },
          {
            "businessType": "REGULAR",
            "catalogItemID": "5071",
            "catalogItemName": "Voz",
            "oneTimePrice": {
              "originalAmount": 0.00,
              "finalAmount": 0.00,
              "finalTaxAmount": 0.00
            },
            "recurringPrice": {
              "originalAmount": 0.00,
              "finalAmount": 0.00,
              "frequency": "MONTH",
              "finalAmountWithTax": 0.00,
              "finalTaxAmount": 0.00,
              "originalTaxAmount": 0.00,
              "proratedDiscountAmount": 0.00,
              "proratedTaxAmount": 0.00,
              "proratedAmount": 0.00
            },
            "immediatePriceX9": {
              "originalAmount": 0.00,
              "finalAmount": 0.00,
              "finalTaxAmount": 0.00
            },
            "relationToParentID": "7131",
            "previousRecurringPrice": {
              "amount": 0.00,
              "taxAmount": 0.00,
              "finalAmountWithTax": 0.00
            },
            "id": "1660244280",
            "action": "CHANGE",
            "status": "ACTIVE",
            "serviceType": "GROUP"
          },
          {
            "businessType": "REGULAR",
            "catalogItemID": "6221",
            "catalogItemName": "Paquetes de SMS",
            "oneTimePrice": {
              "originalAmount": 0.00,
              "finalAmount": 0.00,
              "finalTaxAmount": 0.00
            },
            "recurringPrice": {
              "originalAmount": 0.00,
              "finalAmount": 0.00,
              "frequency": "MONTH",
              "finalAmountWithTax": 0.00,
              "finalTaxAmount": 0.00,
              "originalTaxAmount": 0.00,
              "proratedDiscountAmount": 0.00,
              "proratedTaxAmount": 0.00,
              "proratedAmount": 0.00
            },
            "immediatePriceX9": {
              "originalAmount": 0.00,
              "finalAmount": 0.00,
              "finalTaxAmount": 0.00
            },
            "relationToParentID": "2015697",
            "previousRecurringPrice": {
              "amount": 0.00,
              "taxAmount": 0.00,
              "finalAmountWithTax": 0.00
            },
            "id": "1660244764",
            "action": "CHANGE",
            "status": "ACTIVE",
            "serviceType": "SERVICE"
          },
          {
            "businessType": "REGULAR",
            "catalogItemID": "5471",
            "catalogItemName": "Paquete de Datos",
            "oneTimePrice": {
              "originalAmount": 0.00,
              "finalAmount": 0.00,
              "finalTaxAmount": 0.00
            },
            "recurringPrice": {
              "originalAmount": 0.00,
              "finalAmount": 0.00,
              "frequency": "MONTH",
              "finalAmountWithTax": 0.00,
              "finalTaxAmount": 0.00,
              "originalTaxAmount": 0.00,
              "proratedDiscountAmount": 0.00,
              "proratedTaxAmount": 0.00,
              "proratedAmount": 0.00
            },
            "immediatePriceX9": {
              "originalAmount": 0.00,
              "finalAmount": 0.00,
              "finalTaxAmount": 0.00
            },
            "relationToParentID": "2015687",
            "previousRecurringPrice": {
              "amount": 0.00,
              "taxAmount": 0.00,
              "finalAmountWithTax": 0.00
            },
            "id": "1660244687",
            "action": "CHANGE",
            "status": "ACTIVE",
            "serviceType": "SERVICE"
          },
          {
            "businessType": "REGULAR",
            "catalogItemID": "5221",
            "catalogItemName": "Paquetes de Voz",
            "oneTimePrice": {
              "originalAmount": 0.00,
              "finalAmount": 0.00,
              "finalTaxAmount": 0.00
            },
            "recurringPrice": {
              "originalAmount": 0.00,
              "finalAmount": 0.00,
              "frequency": "MONTH",
              "finalAmountWithTax": 0.00,
              "finalTaxAmount": 0.00,
              "originalTaxAmount": 0.00,
              "proratedDiscountAmount": 0.00,
              "proratedTaxAmount": 0.00,
              "proratedAmount": 0.00
            },
            "immediatePriceX9": {
              "originalAmount": 0.00,
              "finalAmount": 0.00,
              "finalTaxAmount": 0.00
            },
            "relationToParentID": "2015677",
            "previousRecurringPrice": {
              "amount": 0.00,
              "taxAmount": 0.00,
              "finalAmountWithTax": 0.00
            },
            "id": "1660244657",
            "action": "CHANGE",
            "status": "ACTIVE",
            "serviceType": "SERVICE"
          },
          {
            "businessType": "REGULAR",
            "catalogItemID": "5871",
            "catalogItemName": "Paquetes de Larga Distancia Internacional",
            "oneTimePrice": {
              "originalAmount": 0.00,
              "finalAmount": 0.00,
              "finalTaxAmount": 0.00
            },
            "recurringPrice": {
              "originalAmount": 0.00,
              "finalAmount": 0.00,
              "frequency": "MONTH",
              "finalAmountWithTax": 0.00,
              "finalTaxAmount": 0.00,
              "originalTaxAmount": 0.00,
              "proratedDiscountAmount": 0.00,
              "proratedTaxAmount": 0.00,
              "proratedAmount": 0.00
            },
            "immediatePriceX9": {
              "originalAmount": 0.00,
              "finalAmount": 0.00,
              "finalTaxAmount": 0.00
            },
            "relationToParentID": "2015727",
            "previousRecurringPrice": {
              "amount": 0.00,
              "taxAmount": 0.00,
              "finalAmountWithTax": 0.00
            },
            "id": "1660244731",
            "action": "CHANGE",
            "status": "ACTIVE",
            "serviceType": "SERVICE"
          }
        ],
        "id": "1738956"
      }
    ]
  }
}
