{
  "ArrayList": [
    {
      "code": "Apelacion",
      "deCode": "Apelación",
      "communicationMethod": "EMAIL",
      "typesDescription": "Favor explicar motivo de disconformidad",
      "caseType1": "Apeal",
      "caseType2": "Apelacion",
      "caseType3": "Apelacion",
      "implFlexibleAttData": [
        {
          "labelDeCode": "Departamento de apelación",
          "labelCode": "tmplt21_Departamento_apelacion",
          "attributeType": "Select",
          "mandatory": false,
          "attrValues": [
            {
              "code": "Default",
              "deCode": "[Seleccione.]"
            },
            {
              "code": "01-Amazonas",
              "deCode": "01-Amazonas"
            },
            {
              "code": "02-Ancash",
              "deCode": "02-ÿncash"
            },
            {
              "code": "03-Apurimac",
              "deCode": "03-Apurímac"
            },
            {
              "code": "04-Arequipa",
              "deCode": "04-Arequipa"
            },
            {
              "code": "05-Ayacucho",
              "deCode": "05-Ayacucho"
            },
            {
              "code": "06-Cajamarca",
              "deCode": "06-Cajamarca"
            },
            {
              "code": "07-Callao",
              "deCode": "07-Callao"
            },
            {
              "code": "08-Cuzco",
              "deCode": "08-Cuzco"
            },
            {
              "code": "09-Huancavelica",
              "deCode": "09-Huancavelica"
            },
            {
              "code": "10-Huanuco",
              "deCode": "10-Huánuco"
            },
            {
              "code": "11-Ica",
              "deCode": "11-Ica"
            },
            {
              "code": "12-Junin",
              "deCode": "12-Junín"
            },
            {
              "code": "13-La Libertad",
              "deCode": "13-La Libertad"
            },
            {
              "code": "14-Lambayeque",
              "deCode": "14-Lambayeque"
            },
            {
              "code": "15-Lima",
              "deCode": "15-Lima"
            },
            {
              "code": "16-Loreto",
              "deCode": "16-Loreto"
            },
            {
              "code": "17-Madre de Dios",
              "deCode": "17-Madre de Dios"
            },
            {
              "code": "18-Moquegua",
              "deCode": "18-Moquegua"
            },
            {
              "code": "19-Pasco",
              "deCode": "19-Pasco"
            },
            {
              "code": "20-Piura",
              "deCode": "20-Piura"
            },
            {
              "code": "21-Puno",
              "deCode": "21-Puno"
            },
            {
              "code": "22-San Martín",
              "deCode": "22-San Martín"
            },
            {
              "code": "23-Tacna",
              "deCode": "23-Tacna"
            },
            {
              "code": "24-Tumbes",
              "deCode": "24-Tumbes"
            },
            {
              "code": "25-Ucayali",
              "deCode": "25-Ucayali"
            }
          ]
        },
        {
          "labelDeCode": "Indica si el cliente autoriza SI/NO  a ser notificado por correo electrónico",
          "labelCode": "tmplt21_autorizacion_notificacion_correo",
          "attributeType": "Select",
          "mandatory": true,
          "attrValues": [
            {
              "code": "Default",
              "deCode": "[Seleccione.]"
            },
            {
              "code": "Yes",
              "deCode": "Sí"
            },
            {
              "code": "No",
              "deCode": "No"
            }
          ]
        },
        {
          "labelDeCode": "Tipo de documento de identificación de apelante",
          "labelCode": "tmplt21_tipo_documento_identificacion_apelante",
          "attributeType": "Select",
          "mandatory": true,
          "attrValues": [
            {
              "code": "Default",
              "deCode": "[Seleccione.]"
            },
            {
              "code": "1.DNI",
              "deCode": "1.DNI"
            },
            {
              "code": "2.CE",
              "deCode": "2.CE"
            },
            {
              "code": "3.P",
              "deCode": "3.P"
            }
          ]
        },
        {
          "labelDeCode": "Región de apelación",
          "labelCode": "tmplt21_region_presentacion_apelacion",
          "attributeType": "Select",
          "mandatory": true,
          "attrValues": [
            {
              "code": "Default",
              "deCode": "[Seleccione.]"
            },
            {
              "code": "01-Amazonas",
              "deCode": "01-Amazonas"
            },
            {
              "code": "02-Ancash",
              "deCode": "02-ÿncash"
            },
            {
              "code": "03-Apurimac",
              "deCode": "03-Apurímac"
            },
            {
              "code": "04-Arequipa",
              "deCode": "04-Arequipa"
            },
            {
              "code": "05-Ayacucho",
              "deCode": "05-Ayacucho"
            },
            {
              "code": "06-Cajamarca",
              "deCode": "06-Cajamarca"
            },
            {
              "code": "07-Callao",
              "deCode": "07-Callao"
            },
            {
              "code": "08-Cuzco",
              "deCode": "08-Cuzco"
            },
            {
              "code": "09-Huancavelica",
              "deCode": "09-Huancavelica"
            },
            {
              "code": "10-Huanuco",
              "deCode": "10-Huánuco"
            },
            {
              "code": "11-Ica",
              "deCode": "11-Ica"
            },
            {
              "code": "12-Junin",
              "deCode": "12-Junín"
            },
            {
              "code": "13-La Libertad",
              "deCode": "13-La Libertad"
            },
            {
              "code": "14-Lambayeque",
              "deCode": "14-Lambayeque"
            },
            {
              "code": "15-Lima",
              "deCode": "15-Lima"
            },
            {
              "code": "16-Loreto",
              "deCode": "16-Loreto"
            },
            {
              "code": "17-Madre de Dios",
              "deCode": "17-Madre de Dios"
            },
            {
              "code": "18-Moquegua",
              "deCode": "18-Moquegua"
            },
            {
              "code": "19-Pasco",
              "deCode": "19-Pasco"
            },
            {
              "code": "20-Piura",
              "deCode": "20-Piura"
            },
            {
              "code": "21-Puno",
              "deCode": "21-Puno"
            },
            {
              "code": "22-San Martín",
              "deCode": "22-San Martín"
            },
            {
              "code": "23-Tacna",
              "deCode": "23-Tacna"
            },
            {
              "code": "24-Tumbes",
              "deCode": "24-Tumbes"
            },
            {
              "code": "25-Ucayali",
              "deCode": "25-Ucayali"
            }
          ]
        },
        {
          "labelDeCode": "Provincia de notificación de respuesta apelante",
          "labelCode": "tmplt21_provincia_de_notificacion_de_respuesta_apelante",
          "attributeType": "String",
          "mandatory": true
        },
        {
          "labelDeCode": "Número de documento identificación de apelante",
          "labelCode": "tmplt21_numero_documento_identificacion_apelante",
          "attributeType": "String",
          "mandatory": true
        },
        {
          "labelDeCode": "Nombre de apelante",
          "labelCode": "tmplt21_nombre_apelante",
          "attributeType": "String",
          "mandatory": true
        },
        {
          "labelDeCode": "Código correlativo",
          "labelCode": "tmplt21_codigo_correlativo_ID_apelado",
          "attributeType": "String",
          "mandatory": true
        },
        {
          "labelDeCode": "Detalle de la  apelación",
          "labelCode": "tmplt21_detalle_apelacion",
          "attributeType": "String",
          "mandatory": false
        },
        {
          "labelDeCode": "Dirección de notificación de respuesta apelante",
          "labelCode": "tmplt21_direccion_de_notificacion_de_respuesta_apelante",
          "attributeType": "String",
          "mandatory": true
        },
        {
          "labelDeCode": "Distrito de notificación de respuesta apelante",
          "labelCode": "tmplt21_distrito_de_notificacion_de_respuesta_apelante",
          "attributeType": "String",
          "mandatory": true
        },
        {
          "labelDeCode": "Motivo de apelación",
          "labelCode": "tmplt21_motivo de apelacion",
          "attributeType": "Select",
          "mandatory": true,
          "attrValues": [
            {
              "code": "Default",
              "deCode": "[Seleccione.]"
            },
            {
              "code": "01-Desacuerdo en respuesta",
              "deCode": "01-Desacuerdo en respuesta"
            }
          ]
        }
      ]
    }
  ]
}
