{
  "Cart": {
    "items": [
      {
        "productName": "Componente Principal de Móvil",
        "services": [
          {
            "catalogItemID": "6321",
            "catalogItemName": "Servicios Adicionales",
            "businessType": "REGULAR",
            "oneTimePrice": {
              "originalAmount": 0.00,
              "finalAmount": 0.00,
              "finalTaxAmount": 0.00
            },
            "recurringPrice": {
              "frequency": "MONTH",
              "originalAmount": 0.00,
              "proratedAmount": 0.00,
              "proratedDiscountAmount": 0.00,
              "proratedTaxAmount": 0.00,
              "finalAmount": 0.00,
              "finalTaxAmount": 0.00,
              "originalTaxAmount": 0.00,
              "finalAmountWithTax": 0.00
            },
            "previousRecurringPrice": {
              "amount": 0.00,
              "finalAmountWithTax": 0.00,
              "taxAmount": 0.00
            },
            "immediatePriceX9": {
              "originalAmount": 0.00,
              "finalAmount": 0.00,
              "finalTaxAmount": 0.00
            },
            "relationToParentID": "7361",
            "id": "100015042",
            "action": "ADD",
            "status": "ACTIVE",
            "serviceType": "GROUP"
          },
          {
            "catalogItemID": "5371",
            "catalogItemName": "Datos",
            "businessType": "REGULAR",
            "oneTimePrice": {
              "originalAmount": 0.00,
              "finalAmount": 0.00,
              "finalTaxAmount": 0.00
            },
            "recurringPrice": {
              "frequency": "MONTH",
              "originalAmount": 0.00,
              "proratedAmount": 0.00,
              "proratedDiscountAmount": 0.00,
              "proratedTaxAmount": 0.00,
              "finalAmount": 0.00,
              "finalTaxAmount": 0.00,
              "originalTaxAmount": 0.00,
              "finalAmountWithTax": 0.00
            },
            "previousRecurringPrice": {
              "amount": 0.00,
              "finalAmountWithTax": 0.00,
              "taxAmount": 0.00
            },
            "immediatePriceX9": {
              "originalAmount": 0.00,
              "finalAmount": 0.00,
              "finalTaxAmount": 0.00
            },
            "relationToParentID": "7201",
            "id": "100015043",
            "action": "ADD",
            "status": "ACTIVE",
            "serviceType": "GROUP"
          },
          {
            "catalogItemID": "6671",
            "catalogItemName": "Friends and Family (Dúos)",
            "businessType": "REGULAR",
            "oneTimePrice": {
              "originalAmount": 0.00,
              "finalAmount": 0.00,
              "finalTaxAmount": 0.00
            },
            "recurringPrice": {
              "frequency": "MONTH",
              "originalAmount": 0.00,
              "proratedAmount": 0.00,
              "proratedDiscountAmount": 0.00,
              "proratedTaxAmount": 0.00,
              "finalAmount": 0.00,
              "finalTaxAmount": 0.00,
              "originalTaxAmount": 0.00,
              "finalAmountWithTax": 0.00
            },
            "previousRecurringPrice": {
              "amount": 0.00,
              "finalAmountWithTax": 0.00,
              "taxAmount": 0.00
            },
            "immediatePriceX9": {
              "originalAmount": 0.00,
              "finalAmount": 0.00,
              "finalTaxAmount": 0.00
            },
            "relationToParentID": "240994",
            "id": "100015044",
            "action": "ADD",
            "status": "ACTIVE",
            "serviceType": "GROUP"
          },
          {
            "catalogItemID": "5821",
            "catalogItemName": "Internacional (LDI)",
            "businessType": "REGULAR",
            "oneTimePrice": {
              "originalAmount": 0.00,
              "finalAmount": 0.00,
              "finalTaxAmount": 0.00
            },
            "recurringPrice": {
              "frequency": "MONTH",
              "originalAmount": 0.00,
              "proratedAmount": 0.00,
              "proratedDiscountAmount": 0.00,
              "proratedTaxAmount": 0.00,
              "finalAmount": 0.00,
              "finalTaxAmount": 0.00,
              "originalTaxAmount": 0.00,
              "finalAmountWithTax": 0.00
            },
            "previousRecurringPrice": {
              "amount": 0.00,
              "finalAmountWithTax": 0.00,
              "taxAmount": 0.00
            },
            "immediatePriceX9": {
              "originalAmount": 0.00,
              "finalAmount": 0.00,
              "finalTaxAmount": 0.00
            },
            "relationToParentID": "7321",
            "id": "100015047",
            "action": "ADD",
            "status": "ACTIVE",
            "serviceType": "GROUP"
          },
          {
            "catalogItemID": "6071",
            "catalogItemName": "Mensajería (SMS)",
            "businessType": "REGULAR",
            "oneTimePrice": {
              "originalAmount": 0.00,
              "finalAmount": 0.00,
              "finalTaxAmount": 0.00
            },
            "recurringPrice": {
              "frequency": "MONTH",
              "originalAmount": 0.00,
              "proratedAmount": 0.00,
              "proratedDiscountAmount": 0.00,
              "proratedTaxAmount": 0.00,
              "finalAmount": 0.00,
              "finalTaxAmount": 0.00,
              "originalTaxAmount": 0.00,
              "finalAmountWithTax": 0.00
            },
            "previousRecurringPrice": {
              "amount": 0.00,
              "finalAmountWithTax": 0.00,
              "taxAmount": 0.00
            },
            "immediatePriceX9": {
              "originalAmount": 0.00,
              "finalAmount": 0.00,
              "finalTaxAmount": 0.00
            },
            "relationToParentID": "7241",
            "id": "100015048",
            "action": "ADD",
            "status": "ACTIVE",
            "serviceType": "GROUP"
          },
          {
            "catalogItemID": "5671",
            "catalogItemName": "Tarjeta SIM",
            "businessType": "REGULAR",
            "pricePackages": [
              {
                "catalogItemID": "561874",
                "catalogItemName": "Precio de Simcard Bajo",
                "oneTimePrice": {
                  "originalAmount": 0.00,
                  "finalAmount": 0.00,
                  "finalTaxAmount": 0.00
                },
                "recurringPrice": {
                  "frequency": "MONTH",
                  "originalAmount": 0.00,
                  "proratedAmount": 0.00,
                  "proratedDiscountAmount": 0.00,
                  "proratedTaxAmount": 0.00,
                  "finalAmount": 0.00,
                  "finalTaxAmount": 0.00,
                  "originalTaxAmount": 0.00,
                  "finalAmountWithTax": 0.00
                },
                "previousRecurringPrice": {
                  "amount": 0.00,
                  "finalAmountWithTax": 0.00,
                  "taxAmount": 0.00
                },
                "id": "100015063",
                "action": "ADD"
              }
            ],
            "oneTimePrice": {
              "originalAmount": 0.00,
              "finalAmount": 0.00,
              "finalTaxAmount": 0.00
            },
            "recurringPrice": {
              "frequency": "MONTH",
              "originalAmount": 0.00,
              "proratedAmount": 0.00,
              "proratedDiscountAmount": 0.00,
              "proratedTaxAmount": 0.00,
              "finalAmount": 0.00,
              "finalTaxAmount": 0.00,
              "originalTaxAmount": 0.00,
              "finalAmountWithTax": 0.00
            },
            "previousRecurringPrice": {
              "amount": 0.00,
              "finalAmountWithTax": 0.00,
              "taxAmount": 0.00
            },
            "immediatePriceX9": {
              "originalAmount": 1.00,
              "finalAmount": 1.18,
              "finalTaxAmount": 0.18
            },
            "dynamicPropertiesX9": [
              {
                "name": "SAP_ID",
                "value": "TSPE06400000010201"
              }
            ],
            "relationToParentID": "7431",
            "id": "100015056",
            "action": "ADD",
            "status": "ACTIVE"
          },
          {
            "catalogItemID": "5071",
            "catalogItemName": "Voz",
            "businessType": "REGULAR",
            "oneTimePrice": {
              "originalAmount": 0.00,
              "finalAmount": 0.00,
              "finalTaxAmount": 0.00
            },
            "recurringPrice": {
              "frequency": "MONTH",
              "originalAmount": 0.00,
              "proratedAmount": 0.00,
              "proratedDiscountAmount": 0.00,
              "proratedTaxAmount": 0.00,
              "finalAmount": 0.00,
              "finalTaxAmount": 0.00,
              "originalTaxAmount": 0.00,
              "finalAmountWithTax": 0.00
            },
            "previousRecurringPrice": {
              "amount": 0.00,
              "finalAmountWithTax": 0.00,
              "taxAmount": 0.00
            },
            "immediatePriceX9": {
              "originalAmount": 0.00,
              "finalAmount": 0.00,
              "finalTaxAmount": 0.00
            },
            "relationToParentID": "7131",
            "id": "100015060",
            "action": "ADD",
            "status": "ACTIVE",
            "serviceType": "GROUP"
          },
          {
            "catalogItemID": "6721",
            "catalogItemName": "Friends and Family en plan",
            "businessType": "REGULAR",
            "pricePackages": [
              {
                "catalogItemID": "1038031",
                "catalogItemName": "BO Technical F&F in Plan",
                "oneTimePrice": {
                  "originalAmount": 0.00,
                  "finalAmount": 0.00,
                  "finalTaxAmount": 0.00
                },
                "recurringPrice": {
                  "frequency": "MONTH",
                  "originalAmount": 0.00,
                  "proratedAmount": 0.00,
                  "proratedDiscountAmount": 0.00,
                  "proratedTaxAmount": 0.00,
                  "finalAmount": 0.00,
                  "finalTaxAmount": 0.00,
                  "originalTaxAmount": 0.00,
                  "finalAmountWithTax": 0.00
                },
                "previousRecurringPrice": {
                  "amount": 0.00,
                  "finalAmountWithTax": 0.00,
                  "taxAmount": 0.00
                },
                "id": "100015046",
                "action": "ADD"
              }
            ],
            "oneTimePrice": {
              "originalAmount": 0.00,
              "finalAmount": 0.00,
              "finalTaxAmount": 0.00
            },
            "recurringPrice": {
              "frequency": "MONTH",
              "originalAmount": 0.00,
              "proratedAmount": 0.00,
              "proratedDiscountAmount": 0.00,
              "proratedTaxAmount": 0.00,
              "finalAmount": 0.00,
              "finalTaxAmount": 0.00,
              "originalTaxAmount": 0.00,
              "finalAmountWithTax": 0.00
            },
            "previousRecurringPrice": {
              "amount": 0.00,
              "finalAmountWithTax": 0.00,
              "taxAmount": 0.00
            },
            "immediatePriceX9": {
              "originalAmount": 0.00,
              "finalAmount": 0.00,
              "finalTaxAmount": 0.00
            },
            "relationToParentID": "241004",
            "id": "100015045",
            "action": "ADD",
            "status": "ACTIVE",
            "serviceType": "SERVICE"
          }
        ],
        "plan": [
          {
            "catalogItemID": "124854",
            "catalogItemName": "Prepago con Tarifa Única",
            "oneTimePrice": {
              "originalAmount": 0.00,
              "finalAmount": 0.00,
              "finalTaxAmount": 0.00
            },
            "recurringPrice": {
              "frequency": "MONTH",
              "originalAmount": 0.00,
              "proratedAmount": 0.00,
              "proratedDiscountAmount": 0.00,
              "proratedTaxAmount": 0.00,
              "finalAmount": 0.00,
              "finalTaxAmount": 0.00,
              "originalTaxAmount": 0.00,
              "finalAmountWithTax": 125
            },
            "previousRecurringPrice": {
              "amount": 0.00,
              "finalAmountWithTax": 0.00,
              "taxAmount": 0.00
            },
            "planTypeX9": "PRE",
            "id": "100015053",
            "action": "REMOVE"
          },
          {
            "catalogItemID": "4567891",
            "catalogItemName": "Postpago Abierto Vuela 1.5GB",
            "oneTimePrice": {
              "originalAmount": 0.00,
              "finalAmount": 0.00,
              "finalTaxAmount": 0.00
            },
            "recurringPrice": {
              "frequency": "MONTH",
              "originalAmount": 0.00,
              "proratedAmount": 0.00,
              "proratedDiscountAmount": 0.00,
              "proratedTaxAmount": 0.00,
              "finalAmount": 0.00,
              "finalTaxAmount": 0.00,
              "originalTaxAmount": 0.00,
              "finalAmountWithTax": 145
            },
            "previousRecurringPrice": {
              "amount": 0.00,
              "finalAmountWithTax": 0.00,
              "taxAmount": 0.00
            },
            "planTypeX9": "POST",
            "id": "100015055",
            "action": "ADD"
          }
        ],
        "productLineOfBusiness": "Wireless",
        "productOfferingId": "55384",
        "productId": "100015040",
        "equipment": false,
        "lob": "WS",
        "sharedProduct": false,
        "productCatalogId": "4971",
        "productServiceId": "600000917",
        "penalties": [
          {
            "nameX9": "Penalidad por permanencia",
            "oneTimePrice": {
              "originalAmount": 0.00,
              "finalAmount": 50.00,
              "finalTaxAmount": 0.00
            }
          }
        ],
        "devices": [
          {
            "brand": "SONY",
            "catalogItemID": "475974",
            "catalogItemName": "TERM 4G SONY D2306 NEGRO",
            "catalogItemImage": "http://www.movistar.com.pe/documents/80379/3600929/ico_movil_vert.png/066735f7-66bf-4b10-927d-823b0864bfbe?t=1454692802841",
            "oneTimePrice": {
              "originalAmount": 0.00,
              "finalAmount": 0.00,
              "finalTaxAmount": 0.00
            },
            "recurringPrice": {
              "frequency": "MONTH",
              "originalAmount": 0.00,
              "proratedAmount": 0.00,
              "proratedDiscountAmount": 0.00,
              "proratedTaxAmount": 0.00,
              "finalAmount": 0.00,
              "finalTaxAmount": 0.00,
              "originalTaxAmount": 0.00,
              "finalAmountWithTax": 0.00
            },
            "previousRecurringPrice": {
              "amount": 0.00,
              "finalAmountWithTax": 0.00,
              "taxAmount": 0.00
            },
            "immediatePriceX9": {
              "originalAmount": 846.61,
              "finalAmount": 999.00,
              "finalTaxAmount": 152.39
            },
            "dynamicPropertiesX9": [
              {
                "name": "SAP_ID",
                "value": "TMGPESED2306NES001"
              },
              {
                "name": "ShipmentAllowed",
                "value": "Yes"
              }
            ],
            "referenceItem": true,
            "model": "D2306 Xperia M2",
            "id": "100015055",
            "action": "ADD"
          },
          {
            "brand": "ONEPLUS",
            "catalogItemID": "475852",
            "catalogItemName": "One plus X",
            "catalogItemImage": "http://www.movistar.com.pe/documents/80379/3600929/ico_movil_vert.png/066735f7-66bf-4b10-927d-823b0864bfbe?t=1454692802841",
            "oneTimePrice": {
              "originalAmount": 0.00,
              "finalAmount": 0.00,
              "finalTaxAmount": 0.00
            },
            "recurringPrice": {
              "frequency": "MONTH",
              "originalAmount": 0.00,
              "proratedAmount": 0.00,
              "proratedDiscountAmount": 0.00,
              "proratedTaxAmount": 0.00,
              "finalAmount": 0.00,
              "finalTaxAmount": 0.00,
              "originalTaxAmount": 0.00,
              "finalAmountWithTax": 0.00
            },
            "previousRecurringPrice": {
              "amount": 0.00,
              "finalAmountWithTax": 0.00,
              "taxAmount": 0.00
            },
            "immediatePriceX9": {
              "originalAmount": 265.61,
              "finalAmount": 379.00,
              "finalTaxAmount": 123.39
            },
            "dynamicPropertiesX9": [
              {
                "name": "SAP_ID",
                "value": "TMGPESED2306NES001"
              },
              {
                "name": "ShipmentAllowed",
                "value": "Yes"
              }
            ],
            "referenceItem": true,
            "model": "D2306 Xperia M2",
            "id": "100015054",
            "action": "REMOVE"
          }
        ],
        "oneTimePrice": {
          "originalAmount": 0.00,
          "finalAmount": 0.00,
          "finalTaxAmount": 0.00,
          "currency": "PEN"
        },
        "recurringPrice": {
          "frequency": "MONTH",
          "originalAmount": 0.00,
          "proratedAmount": 0.00,
          "proratedDiscountAmount": 0.00,
          "proratedTaxAmount": 0.00,
          "finalAmount": 0.00,
          "finalTaxAmount": 0.00,
          "originalTaxAmount": 0.00,
          "finalAmountWithTax": 0.00
        },
        "id": "2512",
        "action": "ADD_PRODUCT"
      }
    ],
    "currentSalesChannel": "Web (SS)",
    "originatingSalesChannel": "Web (SS)",
    "oneTimePrice": {
      "originalAmount": 0.00,
      "finalAmount": 0.00,
      "finalTaxAmount": 0.00
    },
    "recurringPrice": {
      "frequency": "MONTH",
      "originalAmount": 0.00,
      "proratedAmount": 0.00,
      "proratedDiscountAmount": 0.00,
      "proratedTaxAmount": 0.00,
      "finalAmount": 10.00,
      "finalTaxAmount": 0.00,
      "originalTaxAmount": 0.00,
      "finalAmountWithTax": 0.00
    },
    "previousRecurringPrice": {
      "amount": 0.00,
      "finalAmountWithTax": 0.00,
      "taxAmount": 0.00
    },
    "immediatePriceX9": {
      "originalAmount": 847.61,
      "finalAmount": 1000.18,
      "finalTaxAmount": 152.57
    },
    "currency": "PEN",
    "id": "2511A"
  }
}
