{
  "ImplPaymentsHistory": {
    "paymentHistoryDetails": [
      {
        "description": "Efectivo",
        "paymentMethod": "CA",
        "amount": 86,
        "originalAmount": 86,
        "confirmationNumber": "50454708",
        "paymentDate": 1501538400000,
        "currency": "PEN"
      },
      {
        "description": "Efectivo",
        "paymentMethod": "CA",
        "amount": 129,
        "originalAmount": 129,
        "confirmationNumber": "50601085",
        "paymentDate": 1498860000000,
        "currency": "PEN"
      },
      {
        "description": "Efectivo",
        "paymentMethod": "CA",
        "amount": 95,
        "originalAmount": 95,
        "confirmationNumber": "50653782",
        "paymentDate": 1496268000000,
        "currency": "PEN"
      },
      {
        "description": "Efectivo",
        "paymentMethod": "CA",
        "amount": 100,
        "originalAmount": 100,
        "confirmationNumber": "50653782",
        "paymentDate": 1493589600000,
        "currency": "PEN"
      }
    ],
    "startIndex": 0,
    "itemsPerPage": 3,
    "totalResults": 3
  }
}
