{	
	"ImplGetFunPackAppsOutput":{
		  "defaultApplicationList" : [
				  "twitter" ,
				  "dribbble" ,
				  "rss" ,
				  "pinterest" ,
				  "digg" ,
				  "flickr" ,
				  "forrst" ,
				  "vimeo" ,
				  "reddit" ,
				  "linkedin" ,
				  "facebook" ,
				  "slashdot" ,
				  "technorati" ,
				  "googleplus" ,
				  "apple",
				  "myspace" ,
				  "sharethis" ,
				  "yelp" ,
				  "delicious" ,
				  "lastfm" ,
				  "youtube" ,
				  "skype" ,
				  "tumblr" ,
				  "aim" ,
				  "google"
				],
		  "lastUpdateDate" : "2018-01-03T19:38:34.203Z" ,
		  "maximumAllowedApps" : 4,
		  "minInterval" : 30,
		  "currentApplicationList":[
				  "youtube" ,
				  "skype" ,
				  "tumblr" ,
				  "google"
		  ]
		}
}