{
  "ImplRetrieveDistrictsCommunesOutput": {
    "districtsCommunes": [
      {
        "code": "01",
        "name": "CERCADO DE LIMA"
      },
      {
        "code": "02",
        "name": "ANCON"
      },
      {
        "code": "03",
        "name": "ATE"
      },
      {
        "code": "04",
        "name": "BARRANCO"
      },
      {
        "code": "05",
        "name": "BREÑA"
      },
      {
        "code": "06",
        "name": "CARABAYLLO"
      },
      {
        "code": "07",
        "name": "CHACLACAYO"
      },
      {
        "code": "08",
        "name": "CHORRILLOS"
      },
      {
        "code": "09",
        "name": "CIENEGUILLA"
      },
      {
        "code": "10",
        "name": "COMAS"
      },
      {
        "code": "11",
        "name": "EL AGUSTINO"
      },
      {
        "code": "12",
        "name": "INDEPENDENCIA"
      },
      {
        "code": "13",
        "name": "JESUS MARIA"
      },
      {
        "code": "14",
        "name": "LA MOLINA"
      },
      {
        "code": "15",
        "name": "LA VICTORIA"
      },
      {
        "code": "16",
        "name": "LINCE"
      },
      {
        "code": "17",
        "name": "LOS OLIVOS"
      },
      {
        "code": "18",
        "name": "LURIGANCHO"
      },
      {
        "code": "19",
        "name": "LURIN"
      },
      {
        "code": "20",
        "name": "MAGDALENA DEL MAR"
      },
      {
        "code": "21",
        "name": "PUEBLO LIBRE"
      },
      {
        "code": "22",
        "name": "MIRAFLORES"
      },
      {
        "code": "23",
        "name": "PACHACAMAC"
      },
      {
        "code": "24",
        "name": "PUCUSANA"
      },
      {
        "code": "25",
        "name": "PUENTE PIEDRA"
      },
      {
        "code": "26",
        "name": "PUNTA HERMOSA"
      },
      {
        "code": "27",
        "name": "PUNTA NEGRA"
      },
      {
        "code": "28",
        "name": "RIMAC"
      },
      {
        "code": "29",
        "name": "SAN BARTOLO"
      },
      {
        "code": "30",
        "name": "SAN BORJA"
      },
      {
        "code": "31",
        "name": "SAN ISIDRO"
      },
      {
        "code": "32",
        "name": "SAN JUAN DE LURIGANCHO"
      },
      {
        "code": "33",
        "name": "SAN JUAN DE MIRAFLORES"
      },
      {
        "code": "34",
        "name": "SAN LUIS"
      },
      {
        "code": "35",
        "name": "SAN MARTIN DE PORRES"
      },
      {
        "code": "36",
        "name": "SAN MIGUEL"
      },
      {
        "code": "37",
        "name": "SANTA ANITA"
      },
      {
        "code": "38",
        "name": "SANTA MARIA DEL MAR"
      },
      {
        "code": "39",
        "name": "SANTA ROSA"
      },
      {
        "code": "40",
        "name": "SANTIAGO DE SURCO"
      },
      {
        "code": "41",
        "name": "SURQUILLO"
      },
      {
        "code": "42",
        "name": "VILLA EL SALVADOR"
      },
      {
        "code": "43",
        "name": "VILLA MARIA DEL TRIUNFO"
      }
    ],
    "status": {
      "code": "0"
    }
  }
}
