{
  "ImplRetrieveCustomerProblemDetailsResponse": {
    "customerProblems": [
      {
        "communicationMethod": "Letter",
        "email": "2 gtf y uihi CAYARANI CONDESUYOS AREQUIPA",
        "correlativoId": "AP-1082-2017",
        "flexAttrsSet": {
          "Tipo de documento de identificación de apelante": "2.CE",
          "Código correlativo": "845454",
          "Nombre de apelante": "Julio",
          "Departamento de apelación": "15-Lima",
          "Dirección de notificación de respuesta apelante": "ytfytii iuhiuh",
          "Región de apelación": "17-Madre de Dios",
          "Indica si el cliente autoriza SI/NO  a ser notificado por correo electrónico": "Sí",
          "Distrito de notificación de respuesta apelante": "kuhi uihpiuh",
          "Número de documento identificación de apelante": "56465165",
          "Provincia de notificación de respuesta apelante": "jhbjlbhlb"
        },
        "category": "Apelación",
        "subCategory": "Apelación",
        "addressDetails": {
          "streetName": "SAN LUIS",
          "streetNumber": "1022",
          "city": "LIMA",
          "state": "LIMA"
        },
        "validOpenStatusList": [
          "Abierto",
          "Elevado al TRASU",
          "Fundado"
        ],
        "validClosedStatusList": [
          "Atendido",
          "Cerrado"
        ],
        "customerDetails": {
          "customerId": "40060966",
          "name": "ROMAN RICARDO LEON GOMEZ"
        },
        "individualDetails": {
          "name": "ROMAN RICARDO LEON GOMEZ",
          "ID": "127948308"
        },
        "conditionId": "WFL_GEN_RES_STATE_OPEN",
        "conditionName": "Abierto",
        "reporterName": "ROMAN RICARDO LEON GOMEZ",
        "severityTitle": "High",
        "priorityTitle": "High",
        "reopenAllowed": false,
        "billingEntity": {
          "type": "SUBSCRIPTION",
          "ID": "74505428"
        },
        "closeAllowed": true,
        "validOpenStatusListTitle": [
          "New Case",
          "Escalated to TRASU",
          "Approved"
        ],
        "validClosedStatusListTitle": [
          "I attended",
          "Closed"
        ],
        "associatedItem": {
          "type": "SUBSCRIPTION",
          "ID": "74505428"
        },
        "creationDate": 1485167900000,
        "name": "Apelación - Apelacion - Apelacion",
        "priority": "Alta",
        "severity": "Alta",
        "status": "Abierto",
        "ID": "2734"
      }
    ]
  }
}
