{
  "ImplRetrieveProvincesOutput": {
    "provinces": [
      {
        "code": "01",
        "name": "LIMA"
      },
      {
        "code": "02",
        "name": "BARRANCA"
      },
      {
        "code": "03",
        "name": "CAJATAMBO"
      },
      {
        "code": "04",
        "name": "CANTA"
      },
      {
        "code": "05",
        "name": "CAÑETE"
      },
      {
        "code": "06",
        "name": "HUARAL"
      },
      {
        "code": "07",
        "name": "HUAROCHIRI"
      },
      {
        "code": "08",
        "name": "HUAURA"
      },
      {
        "code": "09",
        "name": "OYON"
      },
      {
        "code": "10",
        "name": "YAUYOS"
      }
    ],
    "status": {
      "code": "0"
    }
  }
}
