{
  "SearchResult":
    {
      "sapId": "S2x10minRPMIlimx1d",
      "characteristic": [
        {
          "name": "Duración en días(2)",
          "code": "657174",
          "value": "1"
        },
        {
          "name": "Indicador Supercarga DCO",
          "code": "1248151",
          "value": "No"
        },
        {
          "name": "Código de Asignación(1)",
          "code": "8881",
          "value": "33VS"
        },
        {
          "name": "Descripción USSD",
          "code": "19954",
          "value": "S/2 x10min +RPM ilim x1d"
        },
        {
          "name": "Cantidad a Entregar(2)",
          "code": "657214",
          "value": "1000"
        },
        {
          "name": "Tipo de Producto",
          "code": "19934",
          "value": "Todos"
        },
        {
          "name": "Tipo AA(2)",
          "code": "657254",
          "value": "RPM OC"
        },
        {
          "name": "Código de Asignación(4)",
          "code": "657154"
        },
        {
          "name": "Indicador de aprovisionamiento(4)",
          "code": "657314",
          "value": "Falso"
        },
        {
          "name": "Duración en días(4)",
          "code": "657194"
        },
        {
          "name": "Cantidad a Entregar(4)",
          "code": "657234"
        },
        {
          "name": "Indicador de aprovisionamiento(1)",
          "code": "8921",
          "value": "Falso"
        },
        {
          "name": "Descripción MultiChannel",
          "code": "19974",
          "value": "10 minutos + RPM ilimitado"
        },
        {
          "name": "Tipo AA(3)",
          "code": "657264",
          "value": "NA"
        },
        {
          "name": "Duración en días(1)",
          "code": "8901",
          "value": "1"
        },
        {
          "name": "Cantidad a Entregar(1)",
          "code": "20654",
          "value": "600"
        },
        {
          "name": "Descripción",
          "code": "8891",
          "value": "10 Minutos TD + RPM Ilimitado "
        },
        {
          "name": "Canales Interactivos",
          "code": "1474641",
          "value": "IVR + USSD + SMS"
        },
        {
          "name": "Tipo AA(5)",
          "code": "657284",
          "value": "NA"
        },
        {
          "name": "Agrupación Comercial Supercarga",
          "code": "1248141",
          "value": "HABLA a Todo Operador"
        },
        {
          "name": "Código de Asignación(5)",
          "code": "657164"
        },
        {
          "name": "Duración en días(5)",
          "code": "657204"
        },
        {
          "name": "Cantidad a Entregar(5)",
          "code": "657244"
        },
        {
          "name": "Indicador de aprovisionamiento(3)",
          "code": "657304",
          "value": "Falso"
        },
        {
          "name": "Moneda",
          "code": "679244",
          "value": "PEN"
        },
        {
          "name": "Código de Asignación(3)",
          "code": "657144"
        },
        {
          "name": "Cantidad a Entregar(3)",
          "code": "657224"
        },
        {
          "name": "ID SMS Template",
          "code": "1248161",
          "value": "EP0001"
        },
        {
          "name": "Duración en días(3)",
          "code": "657184"
        },
        {
          "name": "Indicador de aprovisionamiento(5)",
          "code": "657324",
          "value": "Falso"
        },
        {
          "name": "Descripción CSU",
          "code": "19964",
          "value": "Todo Destino|RPM|||"
        },
        {
          "name": "Tipo de venta",
          "code": "19334",
          "value": "Bundles Masiva"
        },
        {
          "name": "Costo",
          "code": "8911",
          "value": "15"
        },
        {
          "name": "Código de Asignación(2)",
          "code": "657134",
          "value": "34VS"
        },
        {
          "name": "Tipo AA(1)",
          "code": "20664",
          "value": "Voz OC"
        },
        {
          "name": "Keyword",
          "code": "20014",
          "value": "GHABLA2"
        },
        {
          "name": "Indicador de aprovisionamiento(2)",
          "code": "657294",
          "value": "Verdadero"
        },
        {
          "name": "Tipo AA(4)",
          "code": "657274",
          "value": "NA"
        },
        {
          "name": "Locución IVR",
          "code": "20644",
          "value": "515_TOyRPMI_1.wav"
        }
      ],
      "businessType": "OFFERING",
      "catalogItemID": "2075347",
      "lob": [
        "WS"
      ],
      "catalogItemName": "3 GB",
      "oneTimePrice": {

      },
      "recurringPrice": {

      },
      "compatibleWithDevice": "NA",
      "catalogItemDescription": "",
      "topRecommended": false,
      "catalogItemDisplayName": "3 GB",
      "bundle": false,
      "m, c": "PRODUCT_OFFERING"
    }
}