{
  "GenericCodeData": [
    {
      "code": "01",
      "decode": "AMAZONAS"
    },
    {
      "code": "25",
      "decode": "UCAYALI"
    },
    {
      "code": "03",
      "decode": "APURIMAC"
    },
    {
      "code": "04",
      "decode": "AREQUIPA"
    },
    {
      "code": "05",
      "decode": "AYACUCHO"
    },
    {
      "code": "06",
      "decode": "CAJAMARCA"
    },
    {
      "code": "07",
      "decode": "CALLAO"
    },
    {
      "code": "08",
      "decode": "CUSCO"
    },
    {
      "code": "09",
      "decode": "HUANCAVELICA"
    },
    {
      "code": "10",
      "decode": "HUANUCO"
    },
    {
      "code": "11",
      "decode": "ICA"
    },
    {
      "code": "12",
      "decode": "JUNIN"
    },
    {
      "code": "13",
      "decode": "LA LIBERTAD"
    },
    {
      "code": "14",
      "decode": "LAMBAYEQUE"
    },
    {
      "code": "15",
      "decode": "LIMA"
    },
    {
      "code": "16",
      "decode": "LORETO"
    },
    {
      "code": "17",
      "decode": "MADRE DE DIOS"
    },
    {
      "code": "18",
      "decode": "MOQUEGUA"
    },
    {
      "code": "19",
      "decode": "PASCO"
    },
    {
      "code": "20",
      "decode": "PIURA"
    },
    {
      "code": "21",
      "decode": "PUNO"
    },
    {
      "code": "22",
      "decode": "SAN MARTIN"
    },
    {
      "code": "23",
      "decode": "TACNA"
    },
    {
      "code": "24",
      "decode": "TUMBES"
    },
    {
      "code": "02",
      "decode": "ANCASH"
    }
  ]
}
