{
    "SearchResultsCategory": {
      "startIndex": 0,
      "itemsPerPage": 10,
      "categoryId": "1717301",
      "totalResultsInCategory": 4,
      "results": [
        {
          "sapId": "S2x10minRPMIlimx1d",
          "characteristic": [
            {
              "name": "Duración en días(2)",
              "code": "657174",
              "value": "1"
            },
            {
              "name": "Indicador Supercarga DCO",
              "code": "1248151",
              "value": "No"
            },
            {
              "name": "Código de Asignación(1)",
              "code": "8881",
              "value": "33VS"
            },
            {
              "name": "Descripción USSD",
              "code": "19954",
              "value": "S/2 x10min +RPM ilim x1d"
            },
            {
              "name": "Cantidad a Entregar(2)",
              "code": "657214",
              "value": "1000"
            },
            {
              "name": "Tipo de Producto",
              "code": "19934",
              "value": "Todos"
            },
            {
              "name": "Tipo AA(2)",
              "code": "657254",
              "value": "RPM OC"
            },
            {
              "name": "Código de Asignación(4)",
              "code": "657154"
            },
            {
              "name": "Indicador de aprovisionamiento(4)",
              "code": "657314",
              "value": "Falso"
            },
            {
              "name": "Duración en días(4)",
              "code": "657194"
            },
            {
              "name": "Cantidad a Entregar(4)",
              "code": "657234"
            },
            {
              "name": "Indicador de aprovisionamiento(1)",
              "code": "8921",
              "value": "Falso"
            },
            {
              "name": "Descripción MultiChannel",
              "code": "19974",
              "value": "10 minutos + RPM ilimitado"
            },
            {
              "name": "Tipo AA(3)",
              "code": "657264",
              "value": "NA"
            },
            {
              "name": "Duración en días(1)",
              "code": "8901",
              "value": "1"
            },
            {
              "name": "Cantidad a Entregar(1)",
              "code": "20654",
              "value": "600"
            },
            {
              "name": "Descripción",
              "code": "8891",
              "value": "10 Minutos TD + RPM Ilimitado "
            },
            {
              "name": "Canales Interactivos",
              "code": "1474641",
              "value": "IVR + USSD + SMS"
            },
            {
              "name": "Tipo AA(5)",
              "code": "657284",
              "value": "NA"
            },
            {
              "name": "Agrupación Comercial Supercarga",
              "code": "1248141",
              "value": "HABLA a Todo Operador"
            },
            {
              "name": "Código de Asignación(5)",
              "code": "657164"
            },
            {
              "name": "Duración en días(5)",
              "code": "657204"
            },
            {
              "name": "Cantidad a Entregar(5)",
              "code": "657244"
            },
            {
              "name": "Indicador de aprovisionamiento(3)",
              "code": "657304",
              "value": "Falso"
            },
            {
              "name": "Moneda",
              "code": "679244",
              "value": "PEN"
            },
            {
              "name": "Código de Asignación(3)",
              "code": "657144"
            },
            {
              "name": "Cantidad a Entregar(3)",
              "code": "657224"
            },
            {
              "name": "ID SMS Template",
              "code": "1248161",
              "value": "EP0001"
            },
            {
              "name": "Duración en días(3)",
              "code": "657184"
            },
            {
              "name": "Indicador de aprovisionamiento(5)",
              "code": "657324",
              "value": "Falso"
            },
            {
              "name": "Descripción CSU",
              "code": "19964",
              "value": "Todo Destino|RPM|||"
            },
            {
              "name": "Tipo de venta",
              "code": "19334",
              "value": "Bundles Masiva"
            },
            {
              "name": "Costo",
              "code": "8911",
              "value": "2"
            },
            {
              "name": "Código de Asignación(2)",
              "code": "657134",
              "value": "34VS"
            },
            {
              "name": "Tipo AA(1)",
              "code": "20664",
              "value": "Voz OC"
            },
            {
              "name": "Keyword",
              "code": "20014",
              "value": "GHABLA2"
            },
            {
              "name": "Indicador de aprovisionamiento(2)",
              "code": "657294",
              "value": "Verdadero"
            },
            {
              "name": "Tipo AA(4)",
              "code": "657274",
              "value": "NA"
            },
            {
              "name": "Locución IVR",
              "code": "20644",
              "value": "515_TOyRPMI_1.wav"
            }
          ],
          "businessType": "OFFERING",
          "catalogItemID": "2075347",
          "lob": [
            "WS"
          ],
          "catalogItemName": "10min Cualquier Operador + RPM",
          "oneTimePrice": {},
          "recurringPrice": {},
          "compatibleWithDevice": "NA",
          "catalogItemDescription": "10min Cualquier Operador + RPM",
          "topRecommended": false,
          "catalogItemDisplayName": "10min Cualquier Operador + RPM",
          "bundle": false,
          "type": "PRODUCT_OFFERING"
        },
        {
          "sapId": "S5x25minRPMIlimx3d",
          "characteristic": [
            {
              "name": "Duración en días(2)",
              "code": "657174",
              "value": "3"
            },
            {
              "name": "Indicador Supercarga DCO",
              "code": "1248151",
              "value": "No"
            },
            {
              "name": "Código de Asignación(1)",
              "code": "8881",
              "value": "35VS"
            },
            {
              "name": "Descripción USSD",
              "code": "19954",
              "value": "S/5 x25min +RPM ilim x3d"
            },
            {
              "name": "Cantidad a Entregar(2)",
              "code": "657214",
              "value": "1000"
            },
            {
              "name": "Tipo de Producto",
              "code": "19934",
              "value": "Todos"
            },
            {
              "name": "Tipo AA(2)",
              "code": "657254",
              "value": "RPM OC"
            },
            {
              "name": "Código de Asignación(4)",
              "code": "657154"
            },
            {
              "name": "Indicador de aprovisionamiento(4)",
              "code": "657314",
              "value": "Falso"
            },
            {
              "name": "Duración en días(4)",
              "code": "657194"
            },
            {
              "name": "Cantidad a Entregar(4)",
              "code": "657234"
            },
            {
              "name": "Indicador de aprovisionamiento(1)",
              "code": "8921",
              "value": "Falso"
            },
            {
              "name": "Descripción MultiChannel",
              "code": "19974",
              "value": "25 minutos + RPM ilimitado"
            },
            {
              "name": "Tipo AA(3)",
              "code": "657264",
              "value": "NA"
            },
            {
              "name": "Duración en días(1)",
              "code": "8901",
              "value": "3"
            },
            {
              "name": "Cantidad a Entregar(1)",
              "code": "20654",
              "value": "1500"
            },
            {
              "name": "Descripción",
              "code": "8891",
              "value": "25 Minutos TD + RPM Ilimitado "
            },
            {
              "name": "Canales Interactivos",
              "code": "1474641",
              "value": "IVR + USSD + SMS"
            },
            {
              "name": "Tipo AA(5)",
              "code": "657284",
              "value": "NA"
            },
            {
              "name": "Agrupación Comercial Supercarga",
              "code": "1248141",
              "value": "HABLA a Todo Operador"
            },
            {
              "name": "Código de Asignación(5)",
              "code": "657164"
            },
            {
              "name": "Duración en días(5)",
              "code": "657204"
            },
            {
              "name": "Cantidad a Entregar(5)",
              "code": "657244"
            },
            {
              "name": "Indicador de aprovisionamiento(3)",
              "code": "657304",
              "value": "Falso"
            },
            {
              "name": "Moneda",
              "code": "679244",
              "value": "PEN"
            },
            {
              "name": "Código de Asignación(3)",
              "code": "657144"
            },
            {
              "name": "Cantidad a Entregar(3)",
              "code": "657224"
            },
            {
              "name": "ID SMS Template",
              "code": "1248161",
              "value": "EP0001"
            },
            {
              "name": "Duración en días(3)",
              "code": "657184"
            },
            {
              "name": "Indicador de aprovisionamiento(5)",
              "code": "657324",
              "value": "Falso"
            },
            {
              "name": "Descripción CSU",
              "code": "19964",
              "value": "Todo Destino|RPM|||"
            },
            {
              "name": "Tipo de venta",
              "code": "19334",
              "value": "Bundles Masiva"
            },
            {
              "name": "Costo",
              "code": "8911",
              "value": "5"
            },
            {
              "name": "Código de Asignación(2)",
              "code": "657134",
              "value": "36VS"
            },
            {
              "name": "Tipo AA(1)",
              "code": "20664",
              "value": "Voz OC"
            },
            {
              "name": "Keyword",
              "code": "20014",
              "value": "GHABLA5"
            },
            {
              "name": "Indicador de aprovisionamiento(2)",
              "code": "657294",
              "value": "Verdadero"
            },
            {
              "name": "Tipo AA(4)",
              "code": "657274",
              "value": "NA"
            },
            {
              "name": "Locución IVR",
              "code": "20644",
              "value": "515_TOyRPMI_3.wav"
            }
          ],
          "businessType": "OFFERING",
          "catalogItemID": "2075377",
          "lob": [
            "WS"
          ],
          "catalogItemName": "25min Cualquier Operador + RPM",
          "oneTimePrice": {},
          "recurringPrice": {},
          "compatibleWithDevice": "NA",
          "catalogItemDescription": "25min Cualquier Operador + RPM",
          "topRecommended": false,
          "catalogItemDisplayName": "25min Cualquier Operador + RPM",
          "bundle": false,
          "type": "PRODUCT_OFFERING"
        },
        {
          "sapId": "S7x35MinxRPMIlimitx3d",
          "characteristic": [
            {
              "name": "Duración en días(2)",
              "code": "657174",
              "value": "3"
            },
            {
              "name": "Indicador Supercarga DCO",
              "code": "1248151",
              "value": "No"
            },
            {
              "name": "Código de Asignación(1)",
              "code": "8881",
              "value": "V344"
            },
            {
              "name": "Descripción USSD",
              "code": "19954",
              "value": "S/7 x35min +RPM ilimit x3d"
            },
            {
              "name": "Cantidad a Entregar(2)",
              "code": "657214",
              "value": "1000"
            },
            {
              "name": "Tipo de Producto",
              "code": "19934",
              "value": "Sólo prepago"
            },
            {
              "name": "Tipo AA(2)",
              "code": "657254",
              "value": "RPM OC"
            },
            {
              "name": "Código de Asignación(4)",
              "code": "657154"
            },
            {
              "name": "Indicador de aprovisionamiento(4)",
              "code": "657314",
              "value": "Falso"
            },
            {
              "name": "Duración en días(4)",
              "code": "657194"
            },
            {
              "name": "Cantidad a Entregar(4)",
              "code": "657234"
            },
            {
              "name": "Indicador de aprovisionamiento(1)",
              "code": "8921",
              "value": "Falso"
            },
            {
              "name": "Descripción MultiChannel",
              "code": "19974",
              "value": "35 minutos + RPM ilimitado"
            },
            {
              "name": "Tipo AA(3)",
              "code": "657264",
              "value": "NA"
            },
            {
              "name": "Duración en días(1)",
              "code": "8901",
              "value": "3"
            },
            {
              "name": "Cantidad a Entregar(1)",
              "code": "20654",
              "value": "2100"
            },
            {
              "name": "Descripción",
              "code": "8891",
              "value": "35 Minutos TD + RPM Ilimitado "
            },
            {
              "name": "Canales Interactivos",
              "code": "1474641",
              "value": "IVR + USSD + SMS"
            },
            {
              "name": "Tipo AA(5)",
              "code": "657284",
              "value": "NA"
            },
            {
              "name": "Agrupación Comercial Supercarga",
              "code": "1248141",
              "value": "HABLA a Todo Operador"
            },
            {
              "name": "Código de Asignación(5)",
              "code": "657164"
            },
            {
              "name": "Duración en días(5)",
              "code": "657204"
            },
            {
              "name": "Cantidad a Entregar(5)",
              "code": "657244"
            },
            {
              "name": "Indicador de aprovisionamiento(3)",
              "code": "657304",
              "value": "Falso"
            },
            {
              "name": "Moneda",
              "code": "679244",
              "value": "PEN"
            },
            {
              "name": "Código de Asignación(3)",
              "code": "657144"
            },
            {
              "name": "Cantidad a Entregar(3)",
              "code": "657224"
            },
            {
              "name": "ID SMS Template",
              "code": "1248161",
              "value": "EP0001"
            },
            {
              "name": "Duración en días(3)",
              "code": "657184"
            },
            {
              "name": "Indicador de aprovisionamiento(5)",
              "code": "657324",
              "value": "Falso"
            },
            {
              "name": "Descripción CSU",
              "code": "19964",
              "value": "Todo Destino|RPM|||"
            },
            {
              "name": "Tipo de venta",
              "code": "19334",
              "value": "Bundles Masiva"
            },
            {
              "name": "Costo",
              "code": "8911",
              "value": "7"
            },
            {
              "name": "Código de Asignación(2)",
              "code": "657134",
              "value": "31VS"
            },
            {
              "name": "Tipo AA(1)",
              "code": "20664",
              "value": "Voz OC"
            },
            {
              "name": "Keyword",
              "code": "20014",
              "value": "HABLA35M"
            },
            {
              "name": "Indicador de aprovisionamiento(2)",
              "code": "657294",
              "value": "Verdadero"
            },
            {
              "name": "Tipo AA(4)",
              "code": "657274",
              "value": "NA"
            },
            {
              "name": "Locución IVR",
              "code": "20644",
              "value": "515_TOyRPMI_4.wav"
            }
          ],
          "businessType": "OFFERING",
          "catalogItemID": "2097847",
          "lob": [
            "WS"
          ],
          "catalogItemName": "35min Cualquier Operador + RPM",
          "oneTimePrice": {},
          "recurringPrice": {},
          "compatibleWithDevice": "NA",
          "catalogItemDescription": "35min Cualquier Operador + RPM",
          "topRecommended": false,
          "catalogItemDisplayName": "35min Cualquier Operador + RPM",
          "bundle": false,
          "type": "PRODUCT_OFFERING"
        },
        {
          "sapId": "S1xRPMIlimitadox1d",
          "characteristic": [
            {
              "name": "Duración en días(2)",
              "code": "657174"
            },
            {
              "name": "Indicador Supercarga DCO",
              "code": "1248151",
              "value": "No"
            },
            {
              "name": "Código de Asignación(1)",
              "code": "8881",
              "value": "21VS"
            },
            {
              "name": "Descripción USSD",
              "code": "19954",
              "value": "S/1 xRPM ilimitado x1d"
            },
            {
              "name": "Cantidad a Entregar(2)",
              "code": "657214"
            },
            {
              "name": "Tipo de Producto",
              "code": "19934",
              "value": "Todos"
            },
            {
              "name": "Tipo AA(2)",
              "code": "657254",
              "value": "NA"
            },
            {
              "name": "Código de Asignación(4)",
              "code": "657154"
            },
            {
              "name": "Indicador de aprovisionamiento(4)",
              "code": "657314",
              "value": "Falso"
            },
            {
              "name": "Duración en días(4)",
              "code": "657194"
            },
            {
              "name": "Cantidad a Entregar(4)",
              "code": "657234"
            },
            {
              "name": "Indicador de aprovisionamiento(1)",
              "code": "8921",
              "value": "Verdadero"
            },
            {
              "name": "Descripción MultiChannel",
              "code": "19974",
              "value": "RPM Ilimitado"
            },
            {
              "name": "Tipo AA(3)",
              "code": "657264",
              "value": "NA"
            },
            {
              "name": "Duración en días(1)",
              "code": "8901",
              "value": "1"
            },
            {
              "name": "Cantidad a Entregar(1)",
              "code": "20654",
              "value": "1000"
            },
            {
              "name": "Descripción",
              "code": "8891",
              "value": "RPM Ilimitado"
            },
            {
              "name": "Canales Interactivos",
              "code": "1474641",
              "value": "IVR + USSD + SMS"
            },
            {
              "name": "Tipo AA(5)",
              "code": "657284",
              "value": "NA"
            },
            {
              "name": "Agrupación Comercial Supercarga",
              "code": "1248141",
              "value": "ILIMITADAS"
            },
            {
              "name": "Código de Asignación(5)",
              "code": "657164"
            },
            {
              "name": "Duración en días(5)",
              "code": "657204"
            },
            {
              "name": "Cantidad a Entregar(5)",
              "code": "657244"
            },
            {
              "name": "Indicador de aprovisionamiento(3)",
              "code": "657304",
              "value": "Falso"
            },
            {
              "name": "Moneda",
              "code": "679244",
              "value": "PEN"
            },
            {
              "name": "Código de Asignación(3)",
              "code": "657144"
            },
            {
              "name": "Cantidad a Entregar(3)",
              "code": "657224"
            },
            {
              "name": "ID SMS Template",
              "code": "1248161",
              "value": "EP0001"
            },
            {
              "name": "Duración en días(3)",
              "code": "657184"
            },
            {
              "name": "Indicador de aprovisionamiento(5)",
              "code": "657324",
              "value": "Falso"
            },
            {
              "name": "Descripción CSU",
              "code": "19964",
              "value": "RPM||||"
            },
            {
              "name": "Tipo de venta",
              "code": "19334",
              "value": "Simple Masiva"
            },
            {
              "name": "Costo",
              "code": "8911",
              "value": "1"
            },
            {
              "name": "Código de Asignación(2)",
              "code": "657134"
            },
            {
              "name": "Tipo AA(1)",
              "code": "20664",
              "value": "RPM OC"
            },
            {
              "name": "Keyword",
              "code": "20014",
              "value": "GRPMH"
            },
            {
              "name": "Indicador de aprovisionamiento(2)",
              "code": "657294",
              "value": "Falso"
            },
            {
              "name": "Tipo AA(4)",
              "code": "657274",
              "value": "NA"
            },
            {
              "name": "Locución IVR",
              "code": "20644",
              "value": "515_RPMI_1.wav"
            }
          ],
          "businessType": "OFFERING",
          "catalogItemID": "1351491",
          "lob": [
            "WS"
          ],
          "catalogItemName": "RPM ilimitado",
          "oneTimePrice": {},
          "recurringPrice": {},
          "compatibleWithDevice": "NA",
          "catalogItemDescription": "RPM ilimitado",
          "topRecommended": false,
          "catalogItemDisplayName": "RPM ilimitado",
          "bundle": false,
          "type": "PRODUCT_OFFERING"
        }
      ],
      "itemsPerCategory": 4
    }
  }
  