{
  "GenericCodeData": [
    {
      "code": "AG",
      "decode": "AGRUPACION"
    },
    {
      "code": "AH",
      "decode": "ASENTAMIENTO HUMANO"
    },
    {
      "code": "AS",
      "decode": "ASOCIACION"
    },
    {
      "code": "BA",
      "decode": "BARRIO"
    },
    {
      "code": "BF",
      "decode": "BARRIO FISCAL"
    },
    {
      "code": "CD",
      "decode": "CIUDADELA"
    },
    {
      "code": "CM",
      "decode": "COMITE"
    },
    {
      "code": "CO",
      "decode": "CONJUNTO HABITACIONAL"
    },
    {
      "code": "CS",
      "decode": "CIUDAD SATELITE"
    },
    {
      "code": "CU",
      "decode": "CIUDAD UNIVERSITARIA"
    },
    {
      "code": "CV",
      "decode": "COOPERATIVA"
    },
    {
      "code": "FU",
      "decode": "FUNDO"
    },
    {
      "code": "GR",
      "decode": "GRUPO"
    },
    {
      "code": "LO",
      "decode": "LOTIZACION"
    },
    {
      "code": "NN",
      "decode": "---"
    },
    {
      "code": "PA",
      "decode": "PARCELA"
    },
    {
      "code": "PJ",
      "decode": "PUEBLO JOVEN"
    },
    {
      "code": "PO",
      "decode": "POBLADO"
    },
    {
      "code": "RS",
      "decode": "CONJUNTO RESIDENCIAL"
    },
    {
      "code": "UP",
      "decode": "URBANIZACION POPULAR"
    },
    {
      "code": "UR",
      "decode": "URBANIZACION RESIDENCIAL"
    },
    {
      "code": "UV",
      "decode": "UNIDAD VECINAL"
    },
    {
      "code": "VM",
      "decode": "VILLA MILITAR"
    }
  ]
}
