{
  "ImplContactData": {
    "firstName": "Paulo",
    "lastName": "Ferero",
    "documentType": "P",
    "documentNumber": "8545252",
    "homePhone": "99999999",
    "email": {
      "eaddressValue": "yair482@perez.com",
      "eaddressId": "1035"
    },
    "mobilePhone": {
      "eaddressValue": "123123123",
      "eaddressId": "2544"
    },
    "personalDataProtection": true,
    "physicalAddress": {
      "streetType": "CL",
      "streetName": "Calle de passo",
      "streetNumber": "1",
      "block": "1",
      "lot": "1",
      "housingComplex": "55",
      "housingComplexType": "UV",
      "department": "05",
      "apartment": "1",
      "floor": "1",
      "district": "01",
      "province": "04",
      "comments": "nothing changed",
      "country": "PE",
      "addressId": "412",
      "addressType": "Geographic",
      "withoutNumber": false
    },
    "maritalStatus": "Single",
    "addressChanged": false,
    "addressValid": false,
    "settingsChanged": false,
    "preferencesChanged": false
  }
}
