{
  "Orders": {
    "startIndex": 0,
    "itemsPerPage": 3,
    "totalResults": 4,
    "orders": [
      {
        "serviceRequiredDate": 1481259599000.00,
        "orderItems": [
          {
            "lineOfBusiness": "WS",
            "serviceRequiredDate": 1481259599000.00,
            "createdBy": "00046860_DNI",
            "actionType": "CHANGE_PRODUCT",
            "productServiceID": "920507641",
            "referenceNumber": "542686A",
            "status": "DONE"
          }
        ],
        "currentSalesChannel": "SS",
        "originatingSalesChannel": "SS",
        "referenceNumber": "542685A",
        "creationDate": 1481195114000.00,
        "status": "CLOSED"
      },
      {
        "serviceRequiredDate": 1481000399000.00,
        "orderItems": [
          {
            "lineOfBusiness": "WS",
            "serviceRequiredDate": 1481000399000.00,
            "createdBy": "00046860_DNI",
            "actionType": "UPDATE_CONTACT",
            "productServiceID": "920507641",
            "referenceNumber": "482581A",
            "status": "DONE"
          }
        ],
        "currentSalesChannel": "SS",
        "originatingSalesChannel": "SS",
        "referenceNumber": "482580A",
        "creationDate": 1480946629000.00,
        "status": "CLOSED"
      }
    ]
  }
}
