{
  "ClientUserContext": {
    "personId": "125328802",
    "paymentCategory": "POSTPAID",
    "creditScoreX9": 100,
    "associatedCustomersX9": [
      {
        "customerIdX9": "50001746",
        "roleToContactX9": "Titular",
        "customerNameX9": "ROMAN RICARDO LEON GOMEZ",
        "subscriberContextX9": false
      },
      {
        "customerIdX9": "40060967",
        "roleToContactX9": "Titular",
        "customerNameX9": "ROMAN LEON",
        "subscriberContextX9": false
      },
      {
        "customerIdX9": "40060968",
        "roleToContactX9": "Titular",
        "customerNameX9": "ROMAN GOMEZ",
        "subscriberContextX9": false
      }
    ],
    "work": "W1",
    "email": "oblitas_2122@hotmail.com",
    "userContactPersonName": "ROMAN RICARDO",
    "productIds": [
      "1673814528"
    ],
    "allProducts": [
      {
        "serviceId": "920955409",
        "plan": {
          "catalogItemID": "92564",
          "catalogItemName": "Plan Vuela S/129.90",
          "displayName": "Plan Vuela S/129.90",
          "id": "1673814066"
        },
        "paymentCategory": "POSTPAID",
        "lob": "WS",
        "offeringId": "56354",
        "subscriptionId": 74505428,
        "shared": false,
        "nameX9": "Móvil",
        "spoName": "Abierto Vuela RPM Ilimitado",
        "spoDescription": "Planes 4G y comunicación RPM ilimitada para ti",
        "offeringInstanceId": "1657865190",
        "offeringName": "Abierto Vuela RPM Ilimitado",
        "offeringDescription": "Planes 4G y comunicación RPM ilimitada para ti",
        "bundle": false,
        "address": {
          "id": "618837674"
        },
        "id": "1673814528",
        "status": "ACTIVE"
      }
    ],
    "subscriptionIds": [
      "74505428"
    ],
    "subscriptionNumbers": [
      "920955409"
    ],
    "personObjIdX9": 127948308,
    "barIds": [
      "374505428"
    ],
    "singleTelcoWSOwner": true,
    "multiPlay": true,
    "telcoLobCount": 0,
    "customerId": "50001746",
    "registrationStatus": [
      {
        "name": "USER_CREATED",
        "value": true
      },
      {
        "name": "EMAIL_VERIFIED",
        "value": true
      },
      {
        "name": "NOTIFICATION_DEFINED",
        "value": true
      },
      {
        "name": "TERMS_AND_CONDITIONS",
        "value": true
      }
    ],
    "accountId": "374505428",
    "username": "21121202_DNI"
  }
}
