{
  "ImplContactData": {
    "firstName": "MARIA SOCORRO",
    "lastName": "GUEVARA CHACON",
    "documentType": "DNI",
    "documentNumber": "16665817",
    "personalDataProtection": false,
    "physicalAddress": {
      "streetType": "CL",
      "streetName": "WASHINGTON",
      "streetNumber": "982",
      "housingComplexType": "UR",
      "department": "14",
      "district": "05",
      "province": "01",
      "country": "PE",
      "addressId": "123647289",
      "addressType": "Geographic",
      "withoutNumber": false
    },
    "maritalStatus": "Married",
    "addressValid": false,
    "addressChanged": false,
    "settingsChanged": false,
    "preferencesChanged": false
  }
}
