{
  "Product": {
    "province": "04",
    "locality": "01",
    "serviceOptions": [{
      "businessType": "REGULAR",
      "catalogItemID": "5071",
      "parentCatalogItemID": "4971",
      "catalogItemName": "Voz",
      "catalogItemDescription": "Voz",
      "relationToParentID": "7131",
      "replaceStatus": "EXISTING",
      "canBeRemoved": true,
      "parameters": [{
          "valueName": "Activo",
          "mandatory": false,
          "valueType": "STRING",
          "valueDisplayName": "Activo",
          "valueSize": 256,
          "name": "Llamada en espera"
        },
        {
          "valueName": "Activo",
          "mandatory": false,
          "valueType": "STRING",
          "valueDisplayName": "Activo",
          "valueSize": 256,
          "name": "Casilla de Mensajes"
        }
      ],
      "currency": "PEN",
      "id": "1673814468",
      "serviceType": "GROUP"
    }],
    "serviceId": "954473097",
    "plan": {
      "catalogItemID": "92564",
      "catalogItemName": "Plan Vuela S/129.90",
      "catalogItemImages": {
        "LVTXT": "http://www.movistar.com.pe/",
        "SMALLPIC": "http://www.movistar.com.pe/documents/80379/3600633/ico_planes_horiz.png/e9f4626d-f99c-411a-b847-fc10d973e4ed?t=1454692755938",
        "LVPIC": "http://www.movistar.com.pe/documents/80379/3600633/ico_planes_horiz.png/e9f4626d-f99c-411a-b847-fc10d973e4ed?t=1454692755938",
        "ADD": "http://www.movistar.com.pe/"
      },
      "parameters": [{
          "businessType": "REGULAR",
          "catalogId": "9381",
          "name": "Anular monto de cargos recurrentes del plan"
        },
        {
          "businessType": "REGULAR",
          "catalogId": "9321",
          "valueName": "Movil Abierto",
          "name": "PO Clasificaci�n"
        },
        {
          "businessType": "REGULAR",
          "catalogId": "9331",
          "name": "Grupo del Plan"
        },
        {
          "businessType": "REGULAR",
          "catalogId": "9371",
          "valueName": "http://www.movistar.com.pe/",
          "name": "Informaci�n del plan"
        },
        {
          "businessType": "REGULAR",
          "catalogId": "9361",
          "valueName": "110",
          "name": "Ranking del plan"
        },
        {
          "businessType": "REGULAR",
          "catalogId": "9341",
          "valueName": "Postpago",
          "name": "Producto"
        },
        {
          "businessType": "REGULAR",
          "catalogId": "1354561",
          "name": "Upgrade Indicator"
        }
      ],
      "id": "1673814066"
    },
    "lineOfBusiness": "WS",
    "catalogItemID": "7111",
    "links": [{
      "href": "ecommerce/customer/40060966/product/1673814528?sc=SS&lo=es_PE",
      "rel": "self"
    }],
    "catalogOfferingId": "56354",
    "devices": [{
      "commitmentPeriodX9": "18",
      "catalogItemName": "Dispositivo",
      "catalogItemDescription": "Dispositivo",
      "iccidx9": "8951061121501238113",
      "imeix9": "013976001286695",
      "pin1X9": "1234",
      "pin2X9": "9571",
      "puk1X9": "10503461",
      "puk2X9": "31456081",
      "returnAllowedViaCurrentDealer": true,
      "brand": "APPLE",
      "model": "iPhone 5C",
      "id": "1673814365"
    }],
    "isDeviceInGracingPeriod": false,
    "hasPendingOrders": false,
    "resumeActionAllowed": false,
    "lostAndStolenResume": false,
    "futurePlanRankInSplitFlow": 0,
    "deviceCommitmentPeriodEndDate": "26/10/2016 00:00:01",
    "ceaseActionAllowed": true,
    "changeActionAllowed": true,
    "services": [{
        "links": [{
          "href": "ecommerce/customer/40060966/product/1673814528/service/{3}/options?salesChannel=SS&locale=es_PE",
          "rel": "options"
        }],
        "serviceType": "Group"
      },
      {
        "links": [{
          "href": "ecommerce/customer/40060966/product/1673814528/service/{3}/options?salesChannel=SS&locale=es_PE",
          "rel": "options"
        }],
        "containedServices": [{
          "links": [{
            "href": "ecommerce/customer/40060966/product/1673814528/service/{3}/options?salesChannel=SS&locale=es_PE",
            "rel": "options"
          }],
          "serviceType": "Service"
        }],
        "serviceType": "Group"
      },
      {
        "links": [{
          "href": "ecommerce/customer/40060966/product/1673814528/service/1673814780/options?salesChannel=SS&locale=es_PE",
          "rel": "options"
        }],
        "containedServices": [{
          "links": [{
            "href": "ecommerce/customer/40060966/product/1673814528/service/{3}/options?salesChannel=SS&locale=es_PE",
            "rel": "options"
          }],
          "serviceType": "Service"
        }],
        "id": "1673814780",
        "serviceType": "Group"
      },
      {
        "links": [{
          "href": "ecommerce/customer/40060966/product/1673814528/service/{3}/options?salesChannel=SS&locale=es_PE",
          "rel": "options"
        }],
        "containedServices": [{
          "links": [{
            "href": "ecommerce/customer/40060966/product/1673814528/service/{3}/options?salesChannel=SS&locale=es_PE",
            "rel": "options"
          }],
          "serviceType": "Service"
        }],
        "serviceType": "Group"
      },
      {
        "links": [{
          "href": "ecommerce/customer/40060966/product/1673814528/service/{3}/options?salesChannel=SS&locale=es_PE",
          "rel": "options"
        }],
        "containedServices": [{
            "links": [{
              "href": "ecommerce/customer/40060966/product/1673814528/service/{3}/options?salesChannel=SS&locale=es_PE",
              "rel": "options"
            }],
            "serviceType": "Service"
          },
          {
            "links": [{
              "href": "ecommerce/customer/40060966/product/1673814528/service/{3}/options?salesChannel=SS&locale=es_PE",
              "rel": "options"
            }],
            "serviceType": "Service"
          },
          {
            "links": [{
              "href": "ecommerce/customer/40060966/product/1673814528/service/{3}/options?salesChannel=SS&locale=es_PE",
              "rel": "options"
            }],
            "serviceType": "Service"
          },
          {
            "links": [{
              "href": "ecommerce/customer/40060966/product/1673814528/service/{3}/options?salesChannel=SS&locale=es_PE",
              "rel": "options"
            }],
            "serviceType": "Service"
          }
        ],
        "serviceType": "Group"
      },
      {
        "links": [{
          "href": "ecommerce/customer/40060966/product/1673814528/service/{3}/options?salesChannel=SS&locale=es_PE",
          "rel": "options"
        }],
        "containedServices": [{
            "links": [{
              "href": "ecommerce/customer/40060966/product/1673814528/service/{3}/options?salesChannel=SS&locale=es_PE",
              "rel": "options"
            }],
            "serviceType": "Service"
          },
          {
            "links": [{
              "href": "ecommerce/customer/40060966/product/1673814528/service/{3}/options?salesChannel=SS&locale=es_PE",
              "rel": "options"
            }],
            "serviceType": "Service"
          }
        ],
        "serviceType": "Group"
      }
    ],
    "id": "1673814528",
    "status": "AC"
  }
}
