{
  "SearchResultsCategory": {
    "results": [
      {
        "characteristic": [
          {
            "name": "Nombre del Plan",
            "code": "1353511",
            "value": "Plan Elige + S/ 119",
            "nameCode": "NombredelPlan"
          },
          {
            "name": "Precio Mensual",
            "code": "1353411",
            "value": "S/ 119",
            "nameCode": "PrecioMensual"
          },
          {
            "name": "Internet",
            "code": "1353421",
            "value": "6 GB + 6 GB de Funpack + 3 GB de Movistarplay + 1 GB de Roaming + Whatsapp Ilimitado en roaming",
            "nameCode": "Internet"
          },
          {
            "name": "RPM",
            "code": "1353431",
            "value": "RPM Ilimitado",
            "nameCode": "RPM"
          },
          {
            "name": "Minutos por Destino",
            "code": "1353471",
            "value": "Ilimitado Min TD",
            "nameCode": "MinutosporDestino"
          },
          {
            "name": "SMS",
            "code": "1353451",
            "value": "500 SMS",
            "nameCode": "SMS"
          },
          {
            "name": "Minutos",
            "code": "1353441",
            "nameCode": "Minutos"
          },
          {
            "name": "Limite de Consumo Adicional",
            "code": "1353501",
            "value": "S/ 119",
            "nameCode": "LimitedeConsumoAdicional"
          },
          {
            "name": "Beneficios del Plan",
            "code": "1353491",
            "value": "FunPack, Movistar Fútbol, Movistar Música, Movistar Priority, TuGo",
            "nameCode": "BeneficiosdelPlan"
          },
          {
            "name": "Llamadas Internacionales",
            "code": "1353461",
            "value": "0",
            "nameCode": "LlamadasInternacionales"
          },
          {
            "name": "Amigos y Familia (Dúos)",
            "code": "1353481",
            "value": "0",
            "nameCode": "Duos"
          }
        ],
        "planCreditScore": 189,
        "catalogItemID": "2010383",
        "planType": "POST",
        "businessType": "PLAN",
        "lob": [
          "WS"
        ],
        "compatibleWithDevice": "NA",
        "topRecommended": false,
        "catalogItemName": "Plan Elige + S/ 119",
        "sharedPlan": "NO",
        "parentCatalogItemID": "5021",
        "catalogItemImage": "http://www.movistar.com.pe/documents/80379/3600633/ico_planes_horiz.png/e9f4626d-f99c-411a-b847-fc10d973e4ed?t=1454692755938",
        "parentCatalogItemName": "Plan",
        "attachments": [
          {
            "purpose": "MA",
            "attachmentLocation": "http://www.movistar.com.pe/documents/80379/3600633/ico_planes_horiz.png/e9f4626d-f99c-411a-b847-fc10d973e4ed?t=1454692755938",
            "type": "SMALLPIC"
          },
          {
            "purpose": "MA",
            "attachmentLocation": "http://www.movistar.com.pe/documents/80379/3600633/ico_planes_horiz.png/e9f4626d-f99c-411a-b847-fc10d973e4ed?t=1454692755938",
            "type": "LVPIC"
          },
          {
            "purpose": "MA",
            "attachmentLocation": "http://www.cms.movistar.com.pe/documents/80379/5035939/Consulta+de+detalle+de+Plan/0d94e7e7-603a-4dc6-b8df-9a0db70412d8",
            "type": "ADD"
          },
          {
            "purpose": "MA",
            "attachmentLocation": "http://catalogo.movistar.com.pe/bonos/bonospost",
            "type": "LVTXT"
          }
        ],
        "oneTimePrice": {
          "maxAmount": 15,
          "originalAmount": 0,
          "finalAmount": 0,
          "minAmount": 1
        },
        "catalogItemDisplayName": "Plan Elige + S/ 119",
        "planRankX9": "119",
        "trafficTypeX9": "Plan",
        "containingOfferings": [
          {
            "offeringId": "2008733",
            "offeringToProductIds": [
              "2008763"
            ],
            "productSpecIds": [
              "7111"
            ]
          }
        ],
        "recurringPrice": {
          "frequency": "MONTH",
          "maxAmount": 119,
          "originalAmount": 0,
          "finalAmount": 0,
          "minAmount": 119
        },
        "numOfSubscribers": "1",
        "minNumOfSubscribers": "1",
        "type": "PRICE_SCHEMA",
        "currency": "PEN"
      },
      {
        "characteristic": [
          {
            "name": "Nombre del Plan",
            "code": "1353511",
            "value": "Plan Elige + S/ 139",
            "nameCode": "NombredelPlan"
          },
          {
            "name": "Precio Mensual",
            "code": "1353411",
            "value": "S/ 139",
            "nameCode": "PrecioMensual"
          },
          {
            "name": "Internet",
            "code": "1353421",
            "value": "8 GB + 8 GB de Funpack + 3 GB de Movistarplay + 1.5 GB de Roaming + Whatsapp Ilimitado en roaming",
            "nameCode": "Internet"
          },
          {
            "name": "RPM",
            "code": "1353431",
            "value": "RPM Ilimitado",
            "nameCode": "RPM"
          },
          {
            "name": "Minutos por Destino",
            "code": "1353471",
            "value": "Ilimitado Min TD",
            "nameCode": "MinutosporDestino"
          },
          {
            "name": "SMS",
            "code": "1353451",
            "value": "500 SMS",
            "nameCode": "SMS"
          },
          {
            "name": "Minutos",
            "code": "1353441",
            "nameCode": "Minutos"
          },
          {
            "name": "Limite de Consumo Adicional",
            "code": "1353501",
            "value": "S/ 139",
            "nameCode": "LimitedeConsumoAdicional"
          },
          {
            "name": "Beneficios del Plan",
            "code": "1353491",
            "value": "FunPack, Movistar Fútbol, Movistar Música, Movistar Priority, TuGo",
            "nameCode": "BeneficiosdelPlan"
          },
          {
            "name": "Llamadas Internacionales",
            "code": "1353461",
            "value": "0",
            "nameCode": "LlamadasInternacionales"
          },
          {
            "name": "Amigos y Familia (Dúos)",
            "code": "1353481",
            "value": "0",
            "nameCode": "Duos"
          }
        ],
        "planCreditScore": 209,
        "catalogItemID": "2010393",
        "planType": "POST",
        "businessType": "PLAN",
        "lob": [
          "WS"
        ],
        "compatibleWithDevice": "NA",
        "topRecommended": false,
        "catalogItemName": "Plan Elige + S/ 139",
        "sharedPlan": "NO",
        "parentCatalogItemID": "5021",
        "catalogItemImage": "http://www.movistar.com.pe/documents/80379/3600633/ico_planes_horiz.png/e9f4626d-f99c-411a-b847-fc10d973e4ed?t=1454692755938",
        "parentCatalogItemName": "Plan",
        "attachments": [
          {
            "purpose": "MA",
            "attachmentLocation": "http://www.movistar.com.pe/documents/80379/3600633/ico_planes_horiz.png/e9f4626d-f99c-411a-b847-fc10d973e4ed?t=1454692755938",
            "type": "SMALLPIC"
          },
          {
            "purpose": "MA",
            "attachmentLocation": "http://www.movistar.com.pe/documents/80379/3600633/ico_planes_horiz.png/e9f4626d-f99c-411a-b847-fc10d973e4ed?t=1454692755938",
            "type": "LVPIC"
          },
          {
            "purpose": "MA",
            "attachmentLocation": "http://www.cms.movistar.com.pe/documents/80379/5035939/Consulta+de+detalle+de+Plan/0d94e7e7-603a-4dc6-b8df-9a0db70412d8",
            "type": "ADD"
          },
          {
            "purpose": "MA",
            "attachmentLocation": "http://catalogo.movistar.com.pe/bonos/bonospost",
            "type": "LVTXT"
          }
        ],
        "oneTimePrice": {
          "maxAmount": 15,
          "originalAmount": 0,
          "finalAmount": 0,
          "minAmount": 1
        },
        "catalogItemDisplayName": "Plan Elige + S/ 139",
        "planRankX9": "139",
        "trafficTypeX9": "Plan",
        "containingOfferings": [
          {
            "offeringId": "2008733",
            "offeringToProductIds": [
              "2008763"
            ],
            "productSpecIds": [
              "7111"
            ]
          }
        ],
        "recurringPrice": {
          "frequency": "MONTH",
          "maxAmount": 139,
          "originalAmount": 0,
          "finalAmount": 0,
          "minAmount": 139
        },
        "numOfSubscribers": "1",
        "minNumOfSubscribers": "1",
        "type": "PRICE_SCHEMA",
        "currency": "PEN"
      },
      {
        "characteristic": [
          {
            "name": "Nombre del Plan",
            "code": "1353511",
            "value": "Plan Elige + S/ 199",
            "nameCode": "NombredelPlan"
          },
          {
            "name": "Precio Mensual",
            "code": "1353411",
            "value": "S/ 199",
            "nameCode": "PrecioMensual"
          },
          {
            "name": "Internet",
            "code": "1353421",
            "value": "10 GB + 10 GB de Funpack + 4 GB de Movistarplay + 3 GB de Roaming + Whatsapp Ilimitado en roaming",
            "nameCode": "Internet"
          },
          {
            "name": "RPM",
            "code": "1353431",
            "value": "RPM Ilimitado",
            "nameCode": "RPM"
          },
          {
            "name": "Minutos por Destino",
            "code": "1353471",
            "value": "Ilimitado Min TD",
            "nameCode": "MinutosporDestino"
          },
          {
            "name": "SMS",
            "code": "1353451",
            "value": "500 SMS",
            "nameCode": "SMS"
          },
          {
            "name": "Minutos",
            "code": "1353441",
            "nameCode": "Minutos"
          },
          {
            "name": "Limite de Consumo Adicional",
            "code": "1353501",
            "value": "S/ 199",
            "nameCode": "LimitedeConsumoAdicional"
          },
          {
            "name": "Beneficios del Plan",
            "code": "1353491",
            "value": "FunPack, Movistar Fútbol, Movistar Música, Movistar Priority, TuGo",
            "nameCode": "BeneficiosdelPlan"
          },
          {
            "name": "Llamadas Internacionales",
            "code": "1353461",
            "value": "0",
            "nameCode": "LlamadasInternacionales"
          },
          {
            "name": "Amigos y Familia (Dúos)",
            "code": "1353481",
            "value": "0",
            "nameCode": "Duos"
          }
        ],
        "planCreditScore": 269,
        "catalogItemID": "2010413",
        "planType": "POST",
        "businessType": "PLAN",
        "lob": [
          "WS"
        ],
        "compatibleWithDevice": "NA",
        "topRecommended": false,
        "catalogItemName": "Plan Elige + S/ 199",
        "sharedPlan": "NO",
        "parentCatalogItemID": "5021",
        "catalogItemImage": "http://www.movistar.com.pe/documents/80379/3600633/ico_planes_horiz.png/e9f4626d-f99c-411a-b847-fc10d973e4ed?t=1454692755938",
        "parentCatalogItemName": "Plan",
        "attachments": [
          {
            "purpose": "MA",
            "attachmentLocation": "http://www.movistar.com.pe/documents/80379/3600633/ico_planes_horiz.png/e9f4626d-f99c-411a-b847-fc10d973e4ed?t=1454692755938",
            "type": "SMALLPIC"
          },
          {
            "purpose": "MA",
            "attachmentLocation": "http://www.movistar.com.pe/documents/80379/3600633/ico_planes_horiz.png/e9f4626d-f99c-411a-b847-fc10d973e4ed?t=1454692755938",
            "type": "LVPIC"
          },
          {
            "purpose": "MA",
            "attachmentLocation": "http://www.cms.movistar.com.pe/documents/80379/5035939/Consulta+de+detalle+de+Plan/0d94e7e7-603a-4dc6-b8df-9a0db70412d8",
            "type": "ADD"
          },
          {
            "purpose": "MA",
            "attachmentLocation": "http://catalogo.movistar.com.pe/bonos/bonospost",
            "type": "LVTXT"
          }
        ],
        "oneTimePrice": {
          "maxAmount": 15,
          "originalAmount": 0,
          "finalAmount": 0,
          "minAmount": 1
        },
        "catalogItemDisplayName": "Plan Elige + S/ 199",
        "planRankX9": "199",
        "trafficTypeX9": "Plan",
        "containingOfferings": [
          {
            "offeringId": "2008733",
            "offeringToProductIds": [
              "2008763"
            ],
            "productSpecIds": [
              "7111"
            ]
          }
        ],
        "recurringPrice": {
          "frequency": "MONTH",
          "maxAmount": 199,
          "originalAmount": 0,
          "finalAmount": 0,
          "minAmount": 199
        },
        "numOfSubscribers": "1",
        "minNumOfSubscribers": "1",
        "type": "PRICE_SCHEMA",
        "currency": "PEN"
      },
      {
        "characteristic": [
          {
            "name": "Nombre del Plan",
            "code": "1353511",
            "value": "Plan Elige + S/ 29.00",
            "nameCode": "NombredelPlan"
          },
          {
            "name": "Precio Mensual",
            "code": "1353411",
            "value": "S/ 29",
            "nameCode": "PrecioMensual"
          },
          {
            "name": "Internet",
            "code": "1353421",
            "value": "500 MB + 500 MB de Funpack",
            "nameCode": "Internet"
          },
          {
            "name": "RPM",
            "code": "1353431",
            "value": "RPM Ilimitado",
            "nameCode": "RPM"
          },
          {
            "name": "Minutos por Destino",
            "code": "1353471",
            "value": "Ilimitado Min OnNet",
            "nameCode": "MinutosporDestino"
          },
          {
            "name": "SMS",
            "code": "1353451",
            "value": "500 SMS",
            "nameCode": "SMS"
          },
          {
            "name": "Minutos",
            "code": "1353441",
            "value": "200 min MO 200 min LDI 1 ",
            "nameCode": "Minutos"
          },
          {
            "name": "Limite de Consumo Adicional",
            "code": "1353501",
            "value": "0",
            "nameCode": "LimitedeConsumoAdicional"
          },
          {
            "name": "Beneficios del Plan",
            "code": "1353491",
            "value": "FunPack, Movistar Fútbol, Movistar Música, Movistar Priority, TuGo",
            "nameCode": "BeneficiosdelPlan"
          },
          {
            "name": "Llamadas Internacionales",
            "code": "1353461",
            "value": "0",
            "nameCode": "LlamadasInternacionales"
          },
          {
            "name": "Amigos y Familia (Dúos)",
            "code": "1353481",
            "value": "0",
            "nameCode": "Duos"
          }
        ],
        "planCreditScore": 0,
        "catalogItemID": "2010423",
        "planType": "BOTH",
        "businessType": "PLAN",
        "lob": [
          "WS"
        ],
        "compatibleWithDevice": "NA",
        "topRecommended": false,
        "catalogItemName": "Plan Elige + S/ 29.00",
        "sharedPlan": "NO",
        "parentCatalogItemID": "5021",
        "catalogItemImage": "http://www.movistar.com.pe/documents/80379/3600633/ico_planes_horiz.png/e9f4626d-f99c-411a-b847-fc10d973e4ed?t=1454692755938",
        "parentCatalogItemName": "Plan",
        "attachments": [
          {
            "purpose": "MA",
            "attachmentLocation": "http://www.movistar.com.pe/documents/80379/3600633/ico_planes_horiz.png/e9f4626d-f99c-411a-b847-fc10d973e4ed?t=1454692755938",
            "type": "SMALLPIC"
          },
          {
            "purpose": "MA",
            "attachmentLocation": "http://www.movistar.com.pe/documents/80379/3600633/ico_planes_horiz.png/e9f4626d-f99c-411a-b847-fc10d973e4ed?t=1454692755938",
            "type": "LVPIC"
          },
          {
            "purpose": "MA",
            "attachmentLocation": "http://www.cms.movistar.com.pe/documents/80379/5035939/Consulta+de+detalle+de+Plan/0d94e7e7-603a-4dc6-b8df-9a0db70412d8",
            "type": "ADD"
          },
          {
            "purpose": "MA",
            "attachmentLocation": "http://catalogo.movistar.com.pe/bonos/bonospost",
            "type": "LVTXT"
          }
        ],
        "oneTimePrice": {
          "maxAmount": 15,
          "originalAmount": 0,
          "finalAmount": 0,
          "minAmount": 1
        },
        "catalogItemDisplayName": "Plan Elige + S/ 29.00",
        "planRankX9": "29",
        "trafficTypeX9": "Plan",
        "containingOfferings": [
          {
            "offeringId": "2008723",
            "offeringToProductIds": [
              "2008753"
            ],
            "productSpecIds": [
              "7111"
            ]
          }
        ],
        "recurringPrice": {
          "frequency": "MONTH",
          "maxAmount": 29,
          "originalAmount": 0,
          "finalAmount": 0,
          "minAmount": 29
        },
        "numOfSubscribers": "1",
        "minNumOfSubscribers": "1",
        "type": "PRICE_SCHEMA",
        "currency": "PEN"
      },
      {
        "characteristic": [
          {
            "name": "Nombre del Plan",
            "code": "1353511",
            "value": "Plan Elige + S/ 45.00",
            "nameCode": "NombredelPlan"
          },
          {
            "name": "Precio Mensual",
            "code": "1353411",
            "value": "S/ 44.99",
            "nameCode": "PrecioMensual"
          },
          {
            "name": "Internet",
            "code": "1353421",
            "value": "1 GB + 1 GB de Funpack",
            "nameCode": "Internet"
          },
          {
            "name": "RPM",
            "code": "1353431",
            "value": "RPM Ilimitado",
            "nameCode": "RPM"
          },
          {
            "name": "Minutos por Destino",
            "code": "1353471",
            "value": "Ilimitado Min OnNet",
            "nameCode": "MinutosporDestino"
          },
          {
            "name": "SMS",
            "code": "1353451",
            "value": "500 SMS",
            "nameCode": "SMS"
          },
          {
            "name": "Minutos",
            "code": "1353441",
            "value": "400 min MO 400 min LDI 1 ",
            "nameCode": "Minutos"
          },
          {
            "name": "Limite de Consumo Adicional",
            "code": "1353501",
            "value": "0",
            "nameCode": "LimitedeConsumoAdicional"
          },
          {
            "name": "Beneficios del Plan",
            "code": "1353491",
            "value": "FunPack, Movistar Fútbol, Movistar Música, Movistar Priority, TuGo",
            "nameCode": "BeneficiosdelPlan"
          },
          {
            "name": "Llamadas Internacionales",
            "code": "1353461",
            "value": "0",
            "nameCode": "LlamadasInternacionales"
          },
          {
            "name": "Amigos y Familia (Dúos)",
            "code": "1353481",
            "value": "0",
            "nameCode": "Duos"
          }
        ],
        "planCreditScore": 115,
        "catalogItemID": "2010443",
        "planType": "BOTH",
        "businessType": "PLAN",
        "lob": [
          "WS"
        ],
        "compatibleWithDevice": "NA",
        "topRecommended": false,
        "catalogItemName": "Plan Elige + S/ 45.00",
        "sharedPlan": "NO",
        "parentCatalogItemID": "5021",
        "catalogItemImage": "http://www.movistar.com.pe/documents/80379/3600633/ico_planes_horiz.png/e9f4626d-f99c-411a-b847-fc10d973e4ed?t=1454692755938",
        "parentCatalogItemName": "Plan",
        "attachments": [
          {
            "purpose": "MA",
            "attachmentLocation": "http://www.movistar.com.pe/documents/80379/3600633/ico_planes_horiz.png/e9f4626d-f99c-411a-b847-fc10d973e4ed?t=1454692755938",
            "type": "SMALLPIC"
          },
          {
            "purpose": "MA",
            "attachmentLocation": "http://www.movistar.com.pe/documents/80379/3600633/ico_planes_horiz.png/e9f4626d-f99c-411a-b847-fc10d973e4ed?t=1454692755938",
            "type": "LVPIC"
          },
          {
            "purpose": "MA",
            "attachmentLocation": "http://www.cms.movistar.com.pe/documents/80379/5035939/Consulta+de+detalle+de+Plan/0d94e7e7-603a-4dc6-b8df-9a0db70412d8",
            "type": "ADD"
          },
          {
            "purpose": "MA",
            "attachmentLocation": "http://catalogo.movistar.com.pe/bonos/bonospost",
            "type": "LVTXT"
          }
        ],
        "oneTimePrice": {
          "maxAmount": 15,
          "originalAmount": 0,
          "finalAmount": 0,
          "minAmount": 1
        },
        "catalogItemDisplayName": "Plan Elige + S/ 45.00",
        "planRankX9": "45",
        "trafficTypeX9": "Plan",
        "containingOfferings": [
          {
            "offeringId": "2008723",
            "offeringToProductIds": [
              "2008753"
            ],
            "productSpecIds": [
              "7111"
            ]
          }
        ],
        "recurringPrice": {
          "frequency": "MONTH",
          "maxAmount": 45,
          "originalAmount": 0,
          "finalAmount": 0,
          "minAmount": 45
        },
        "numOfSubscribers": "1",
        "minNumOfSubscribers": "1",
        "type": "PRICE_SCHEMA",
        "currency": "PEN"
      },
      {
        "characteristic": [
          {
            "name": "Nombre del Plan",
            "code": "1353511",
            "value": "Plan Elige + S/ 59.00",
            "nameCode": "NombredelPlan"
          },
          {
            "name": "Precio Mensual",
            "code": "1353411",
            "value": "S/ 59",
            "nameCode": "PrecioMensual"
          },
          {
            "name": "Internet",
            "code": "1353421",
            "value": "1.5 GB + 1.5 GB de Funpack",
            "nameCode": "Internet"
          },
          {
            "name": "RPM",
            "code": "1353431",
            "value": "RPM Ilimitado",
            "nameCode": "RPM"
          },
          {
            "name": "Minutos por Destino",
            "code": "1353471",
            "value": "Ilimitado Min OnNet",
            "nameCode": "MinutosporDestino"
          },
          {
            "name": "SMS",
            "code": "1353451",
            "value": "500 SMS",
            "nameCode": "SMS"
          },
          {
            "name": "Minutos",
            "code": "1353441",
            "value": "600 min MO 600 min LDI 1 ",
            "nameCode": "Minutos"
          },
          {
            "name": "Limite de Consumo Adicional",
            "code": "1353501",
            "value": "0",
            "nameCode": "LimitedeConsumoAdicional"
          },
          {
            "name": "Beneficios del Plan",
            "code": "1353491",
            "value": "FunPack, Movistar Fútbol, Movistar Música, Movistar Priority, TuGo",
            "nameCode": "BeneficiosdelPlan"
          },
          {
            "name": "Llamadas Internacionales",
            "code": "1353461",
            "value": "0",
            "nameCode": "LlamadasInternacionales"
          },
          {
            "name": "Amigos y Familia (Dúos)",
            "code": "1353481",
            "value": "0",
            "nameCode": "Duos"
          }
        ],
        "planCreditScore": 129,
        "catalogItemID": "2010463",
        "planType": "BOTH",
        "businessType": "PLAN",
        "lob": [
          "WS"
        ],
        "compatibleWithDevice": "NA",
        "topRecommended": false,
        "catalogItemName": "Plan Elige + S/ 59.00",
        "sharedPlan": "NO",
        "parentCatalogItemID": "5021",
        "catalogItemImage": "http://www.movistar.com.pe/documents/80379/3600633/ico_planes_horiz.png/e9f4626d-f99c-411a-b847-fc10d973e4ed?t=1454692755938",
        "parentCatalogItemName": "Plan",
        "attachments": [
          {
            "purpose": "MA",
            "attachmentLocation": "http://www.movistar.com.pe/documents/80379/3600633/ico_planes_horiz.png/e9f4626d-f99c-411a-b847-fc10d973e4ed?t=1454692755938",
            "type": "SMALLPIC"
          },
          {
            "purpose": "MA",
            "attachmentLocation": "http://www.movistar.com.pe/documents/80379/3600633/ico_planes_horiz.png/e9f4626d-f99c-411a-b847-fc10d973e4ed?t=1454692755938",
            "type": "LVPIC"
          },
          {
            "purpose": "MA",
            "attachmentLocation": "http://www.cms.movistar.com.pe/documents/80379/5035939/Consulta+de+detalle+de+Plan/0d94e7e7-603a-4dc6-b8df-9a0db70412d8",
            "type": "ADD"
          },
          {
            "purpose": "MA",
            "attachmentLocation": "http://catalogo.movistar.com.pe/bonos/bonospost",
            "type": "LVTXT"
          }
        ],
        "oneTimePrice": {
          "maxAmount": 15,
          "originalAmount": 0,
          "finalAmount": 0,
          "minAmount": 1
        },
        "catalogItemDisplayName": "Plan Elige + S/ 59.00",
        "planRankX9": "59",
        "trafficTypeX9": "Plan",
        "containingOfferings": [
          {
            "offeringId": "2008723",
            "offeringToProductIds": [
              "2008753"
            ],
            "productSpecIds": [
              "7111"
            ]
          }
        ],
        "recurringPrice": {
          "frequency": "MONTH",
          "maxAmount": 59,
          "originalAmount": 0,
          "finalAmount": 0,
          "minAmount": 59
        },
        "numOfSubscribers": "1",
        "minNumOfSubscribers": "1",
        "type": "PRICE_SCHEMA",
        "currency": "PEN"
      },
      {
        "characteristic": [
          {
            "name": "Nombre del Plan",
            "code": "1353511",
            "value": "Plan Elige + S/ 69.00",
            "nameCode": "NombredelPlan"
          },
          {
            "name": "Precio Mensual",
            "code": "1353411",
            "value": "S/ 68.99",
            "nameCode": "PrecioMensual"
          },
          {
            "name": "Internet",
            "code": "1353421",
            "value": "2 GB + 2 GB de Funpack",
            "nameCode": "Internet"
          },
          {
            "name": "RPM",
            "code": "1353431",
            "value": "RPM Ilimitado",
            "nameCode": "RPM"
          },
          {
            "name": "Minutos por Destino",
            "code": "1353471",
            "value": "Ilimitado Min TD",
            "nameCode": "MinutosporDestino"
          },
          {
            "name": "SMS",
            "code": "1353451",
            "value": "500 SMS",
            "nameCode": "SMS"
          },
          {
            "name": "Minutos",
            "code": "1353441",
            "nameCode": "Minutos"
          },
          {
            "name": "Limite de Consumo Adicional",
            "code": "1353501",
            "value": "0",
            "nameCode": "LimitedeConsumoAdicional"
          },
          {
            "name": "Beneficios del Plan",
            "code": "1353491",
            "value": "FunPack, Movistar Fútbol, Movistar Música, Movistar Priority, TuGo",
            "nameCode": "BeneficiosdelPlan"
          },
          {
            "name": "Llamadas Internacionales",
            "code": "1353461",
            "value": "0",
            "nameCode": "LlamadasInternacionales"
          },
          {
            "name": "Amigos y Familia (Dúos)",
            "code": "1353481",
            "value": "0",
            "nameCode": "Duos"
          }
        ],
        "planCreditScore": 139,
        "catalogItemID": "2010473",
        "planType": "BOTH",
        "businessType": "PLAN",
        "lob": [
          "WS"
        ],
        "compatibleWithDevice": "NA",
        "topRecommended": false,
        "catalogItemName": "Plan Elige + S/ 69.00",
        "sharedPlan": "NO",
        "parentCatalogItemID": "5021",
        "catalogItemImage": "http://www.movistar.com.pe/documents/80379/3600633/ico_planes_horiz.png/e9f4626d-f99c-411a-b847-fc10d973e4ed?t=1454692755938",
        "parentCatalogItemName": "Plan",
        "attachments": [
          {
            "purpose": "MA",
            "attachmentLocation": "http://www.movistar.com.pe/documents/80379/3600633/ico_planes_horiz.png/e9f4626d-f99c-411a-b847-fc10d973e4ed?t=1454692755938",
            "type": "SMALLPIC"
          },
          {
            "purpose": "MA",
            "attachmentLocation": "http://www.movistar.com.pe/documents/80379/3600633/ico_planes_horiz.png/e9f4626d-f99c-411a-b847-fc10d973e4ed?t=1454692755938",
            "type": "LVPIC"
          },
          {
            "purpose": "MA",
            "attachmentLocation": "http://www.cms.movistar.com.pe/documents/80379/5035939/Consulta+de+detalle+de+Plan/0d94e7e7-603a-4dc6-b8df-9a0db70412d8",
            "type": "ADD"
          },
          {
            "purpose": "MA",
            "attachmentLocation": "http://catalogo.movistar.com.pe/bonos/bonospost",
            "type": "LVTXT"
          }
        ],
        "oneTimePrice": {
          "maxAmount": 15,
          "originalAmount": 0,
          "finalAmount": 0,
          "minAmount": 1
        },
        "catalogItemDisplayName": "Plan Elige + S/ 69.00",
        "planRankX9": "69",
        "trafficTypeX9": "Plan",
        "containingOfferings": [
          {
            "offeringId": "2008723",
            "offeringToProductIds": [
              "2008753"
            ],
            "productSpecIds": [
              "7111"
            ]
          }
        ],
        "recurringPrice": {
          "frequency": "MONTH",
          "maxAmount": 69,
          "originalAmount": 0,
          "finalAmount": 0,
          "minAmount": 69
        },
        "numOfSubscribers": "1",
        "minNumOfSubscribers": "1",
        "type": "PRICE_SCHEMA",
        "currency": "PEN"
      },
      {
        "characteristic": [
          {
            "name": "Nombre del Plan",
            "code": "1353511",
            "value": "Plan Elige + S/ 79.00",
            "nameCode": "NombredelPlan"
          },
          {
            "name": "Precio Mensual",
            "code": "1353411",
            "value": "S/ 79",
            "nameCode": "PrecioMensual"
          },
          {
            "name": "Internet",
            "code": "1353421",
            "value": "3 GB + 3 GB de Funpack + 1 GB de Movistarplay",
            "nameCode": "Internet"
          },
          {
            "name": "RPM",
            "code": "1353431",
            "value": "RPM Ilimitado",
            "nameCode": "RPM"
          },
          {
            "name": "Minutos por Destino",
            "code": "1353471",
            "value": "Ilimitado Min TD",
            "nameCode": "MinutosporDestino"
          },
          {
            "name": "SMS",
            "code": "1353451",
            "value": "500 SMS",
            "nameCode": "SMS"
          },
          {
            "name": "Minutos",
            "code": "1353441",
            "nameCode": "Minutos"
          },
          {
            "name": "Limite de Consumo Adicional",
            "code": "1353501",
            "value": "0",
            "nameCode": "LimitedeConsumoAdicional"
          },
          {
            "name": "Beneficios del Plan",
            "code": "1353491",
            "value": "FunPack, Movistar Fútbol, Movistar Música, Movistar Priority, TuGo",
            "nameCode": "BeneficiosdelPlan"
          },
          {
            "name": "Llamadas Internacionales",
            "code": "1353461",
            "value": "0",
            "nameCode": "LlamadasInternacionales"
          },
          {
            "name": "Amigos y Familia (Dúos)",
            "code": "1353481",
            "value": "0",
            "nameCode": "Duos"
          }
        ],
        "planCreditScore": 149,
        "catalogItemID": "2010483",
        "planType": "BOTH",
        "businessType": "PLAN",
        "lob": [
          "WS"
        ],
        "compatibleWithDevice": "NA",
        "topRecommended": false,
        "catalogItemName": "Plan Elige + S/ 79.00",
        "sharedPlan": "NO",
        "parentCatalogItemID": "5021",
        "catalogItemImage": "http://www.movistar.com.pe/documents/80379/3600633/ico_planes_horiz.png/e9f4626d-f99c-411a-b847-fc10d973e4ed?t=1454692755938",
        "parentCatalogItemName": "Plan",
        "attachments": [
          {
            "purpose": "MA",
            "attachmentLocation": "http://www.movistar.com.pe/documents/80379/3600633/ico_planes_horiz.png/e9f4626d-f99c-411a-b847-fc10d973e4ed?t=1454692755938",
            "type": "SMALLPIC"
          },
          {
            "purpose": "MA",
            "attachmentLocation": "http://www.movistar.com.pe/documents/80379/3600633/ico_planes_horiz.png/e9f4626d-f99c-411a-b847-fc10d973e4ed?t=1454692755938",
            "type": "LVPIC"
          },
          {
            "purpose": "MA",
            "attachmentLocation": "http://www.cms.movistar.com.pe/documents/80379/5035939/Consulta+de+detalle+de+Plan/0d94e7e7-603a-4dc6-b8df-9a0db70412d8",
            "type": "ADD"
          },
          {
            "purpose": "MA",
            "attachmentLocation": "http://catalogo.movistar.com.pe/bonos/bonospost",
            "type": "LVTXT"
          }
        ],
        "oneTimePrice": {
          "maxAmount": 15,
          "originalAmount": 0,
          "finalAmount": 0,
          "minAmount": 1
        },
        "catalogItemDisplayName": "Plan Elige + S/ 79.00",
        "planRankX9": "79",
        "trafficTypeX9": "Plan",
        "containingOfferings": [
          {
            "offeringId": "2008723",
            "offeringToProductIds": [
              "2008753"
            ],
            "productSpecIds": [
              "7111"
            ]
          }
        ],
        "recurringPrice": {
          "frequency": "MONTH",
          "maxAmount": 79,
          "originalAmount": 0,
          "finalAmount": 0,
          "minAmount": 79
        },
        "numOfSubscribers": "1",
        "minNumOfSubscribers": "1",
        "type": "PRICE_SCHEMA",
        "currency": "PEN"
      },
      {
        "characteristic": [
          {
            "name": "Nombre del Plan",
            "code": "1353511",
            "value": "Plan Elige + S/ 99",
            "nameCode": "NombredelPlan"
          },
          {
            "name": "Precio Mensual",
            "code": "1353411",
            "value": "S/ 99",
            "nameCode": "PrecioMensual"
          },
          {
            "name": "Internet",
            "code": "1353421",
            "value": "5 GB + 5 GB de Funpack + 2 GB de Movistarplay",
            "nameCode": "Internet"
          },
          {
            "name": "RPM",
            "code": "1353431",
            "value": "RPM Ilimitado",
            "nameCode": "RPM"
          },
          {
            "name": "Minutos por Destino",
            "code": "1353471",
            "value": "Ilimitado Min TD",
            "nameCode": "MinutosporDestino"
          },
          {
            "name": "SMS",
            "code": "1353451",
            "value": "500 SMS",
            "nameCode": "SMS"
          },
          {
            "name": "Minutos",
            "code": "1353441",
            "nameCode": "Minutos"
          },
          {
            "name": "Limite de Consumo Adicional",
            "code": "1353501",
            "value": "S/ 99",
            "nameCode": "LimitedeConsumoAdicional"
          },
          {
            "name": "Beneficios del Plan",
            "code": "1353491",
            "value": "FunPack, Movistar Fútbol, Movistar Música, Movistar Priority, TuGo",
            "nameCode": "BeneficiosdelPlan"
          },
          {
            "name": "Llamadas Internacionales",
            "code": "1353461",
            "value": "0",
            "nameCode": "LlamadasInternacionales"
          },
          {
            "name": "Amigos y Familia (Dúos)",
            "code": "1353481",
            "value": "0",
            "nameCode": "Duos"
          }
        ],
        "planCreditScore": 169,
        "catalogItemID": "2010503",
        "planType": "POST",
        "businessType": "PLAN",
        "lob": [
          "WS"
        ],
        "compatibleWithDevice": "NA",
        "topRecommended": false,
        "catalogItemName": "Plan Elige + S/ 99",
        "sharedPlan": "NO",
        "parentCatalogItemID": "5021",
        "catalogItemImage": "http://www.movistar.com.pe/documents/80379/3600633/ico_planes_horiz.png/e9f4626d-f99c-411a-b847-fc10d973e4ed?t=1454692755938",
        "parentCatalogItemName": "Plan",
        "attachments": [
          {
            "purpose": "MA",
            "attachmentLocation": "http://www.movistar.com.pe/documents/80379/3600633/ico_planes_horiz.png/e9f4626d-f99c-411a-b847-fc10d973e4ed?t=1454692755938",
            "type": "SMALLPIC"
          },
          {
            "purpose": "MA",
            "attachmentLocation": "http://www.movistar.com.pe/documents/80379/3600633/ico_planes_horiz.png/e9f4626d-f99c-411a-b847-fc10d973e4ed?t=1454692755938",
            "type": "LVPIC"
          },
          {
            "purpose": "MA",
            "attachmentLocation": "http://www.cms.movistar.com.pe/documents/80379/5035939/Consulta+de+detalle+de+Plan/0d94e7e7-603a-4dc6-b8df-9a0db70412d8",
            "type": "ADD"
          },
          {
            "purpose": "MA",
            "attachmentLocation": "http://catalogo.movistar.com.pe/bonos/bonospost",
            "type": "LVTXT"
          }
        ],
        "oneTimePrice": {
          "maxAmount": 15,
          "originalAmount": 0,
          "finalAmount": 0,
          "minAmount": 1
        },
        "catalogItemDisplayName": "Plan Elige + S/ 99",
        "planRankX9": "99",
        "trafficTypeX9": "Plan",
        "containingOfferings": [
          {
            "offeringId": "2008733",
            "offeringToProductIds": [
              "2008763"
            ],
            "productSpecIds": [
              "7111"
            ]
          }
        ],
        "recurringPrice": {
          "frequency": "MONTH",
          "maxAmount": 99,
          "originalAmount": 0,
          "finalAmount": 0,
          "minAmount": 99
        },
        "numOfSubscribers": "1",
        "minNumOfSubscribers": "1",
        "type": "PRICE_SCHEMA",
        "currency": "PEN"
      }
    ],
    "startIndex": 0,
    "itemsPerPage": 100,
    "categoryId": "1717111",
    "itemsPerCategory": 9,
    "totalResultsInCategory": 9
  }
}