{
  "ArrayList": [
    {
      "code": "Bloqueos y Desbloqueos ( ldn, ldi, celulares, 0800)",
      "deCode": "Bloqueos y Desbloqueos ( ldn, ldi, celulares, 0800)",
      "communicationMethod": "EMAIL",
      "typesDescription": "Permite la activaciÃ³n o inactivaciÃ³n de llamadas a larga istancia nacional, larga distancia internacional, celulares y 08000",
      "caseType1": "Transacciones",
      "caseType2": "Bloq / Desbloq",
      "caseType3": "Bloq / Desbloq"
    },
    {
      "code": "Cambio de Numero",
      "deCode": "Cambio de Número",
      "communicationMethod": "EMAIL",
      "typesDescription": "Es un servicio que consiste en reemplazar el nÃºmero telefÃ³nico actual del cliente por uno nuevo, a solicitud del cliente.",
      "caseType1": "Transacciones",
      "caseType2": "Cambio de Numero",
      "caseType3": "Cambio de Numero"
    },
    {
      "code": "Debito Automatico",
      "deCode": "Débito Automático",
      "communicationMethod": "EMAIL",
      "typesDescription": "Permite hacer uso de una tarjeta de crÃ©dito para programar los pagos de los recibos de manera frecuente",
      "caseType1": "Transacciones",
      "caseType2": "Debito Automatico",
      "caseType3": "Debito Automatico"
    },
    {
      "code": "Desafiliacion entrega de Guia Telefonica",
      "deCode": "Desafiliación entrega de Guía Telefónica",
      "communicationMethod": "EMAIL",
      "typesDescription": "Permite dejar de enviarle al cliente el directorio o guÃ­a telefÃ³nica de los clientes de servicio fijo. El envÃ­o es anual y es obligatorio segÃºn OSIPTEL.",
      "caseType1": "Transacciones",
      "caseType2": "Desafiliacion entrega de Guia Telefonica",
      "caseType3": "Desafiliacion entrega de Guia Telefonica"
    },
    {
      "code": "Inscripcion V learning ICPNA (SVA Internet)",
      "deCode": "Inscripción V learning ICPNA (SVA Internet)",
      "communicationMethod": "EMAIL",
      "typesDescription": "ActivaciÃ³n de un servicio de valor agregado asociado al Internet pero el proveedor es externo a TelefÃ³nica",
      "caseType1": "Transacciones",
      "caseType2": "Inscripcion V learning ICPNA",
      "caseType3": "Inscripcion V learning ICPNA"
    },
    {
      "code": "No publicar en GuÃ­a",
      "deCode": "No publicar en Guía",
      "communicationMethod": "EMAIL",
      "typesDescription": "Con esta solicitud el cliente solicita que no se muestren sus datos de nombre, nÃºmero telefÃ³nico fijo y direcciÃ³n  en la GuÃ­a TelefÃ³nica, en la pÃ¡gina web de consulta de abonados y en el call center 103 de consulta de abonados.",
      "caseType1": "Transacciones",
      "caseType2": "No publicar en Guia",
      "caseType3": "No publicar en Guia"
    },
    {
      "code": "Suspension /Reconexion",
      "deCode": "Suspensión /Reconexión",
      "communicationMethod": "EMAIL",
      "typesDescription": "Permite suspender / reconectar el o los servicios contratados. Puede ejecutarse a nivel de paquete completo o solo de uno o dos productos del paquete. Tiene restricciones de 60 dÃ­as de suspensiÃ³n por aÃ±o. Las reconexiones no aplican a suspensiones por deuda.",
      "caseType1": "Transacciones",
      "caseType2": "Suspension /Reconexion",
      "caseType3": "Suspension /Reconexion"
    }
  ]
}
