{
  "GenericCodeData": [
    {
      "code": "AL",
      "decode": "ALAMEDA"
    },
    {
      "code": "AU",
      "decode": "AUTOPISTA"
    },
    {
      "code": "AV",
      "decode": "AVENIDA"
    },
    {
      "code": "BJ",
      "decode": "BAJADA"
    },
    {
      "code": "CA",
      "decode": "CARRETERA"
    },
    {
      "code": "CJ",
      "decode": "CALLEJON"
    },
    {
      "code": "CL",
      "decode": "CALLE"
    },
    {
      "code": "CM",
      "decode": "CAMINO"
    },
    {
      "code": "CT",
      "decode": "CUESTA"
    },
    {
      "code": "GL",
      "decode": "GALERIA"
    },
    {
      "code": "JR",
      "decode": "JIRON"
    },
    {
      "code": "MA",
      "decode": "MALECON"
    },
    {
      "code": "NN",
      "decode": "---"
    },
    {
      "code": "OV",
      "decode": "OVALO"
    },
    {
      "code": "PJ",
      "decode": "PASAJE"
    },
    {
      "code": "PL",
      "decode": "PLAZA"
    },
    {
      "code": "PO",
      "decode": "PASEO"
    },
    {
      "code": "PQ",
      "decode": "PARQUE"
    },
    {
      "code": "PR",
      "decode": "PROLONGACION"
    },
    {
      "code": "PT",
      "decode": "PUENTE"
    },
    {
      "code": "PZ",
      "decode": "PLAZUELA"
    },
    {
      "code": "SD",
      "decode": "SENDERO"
    }
  ]
}
