{
  "BillCharges": {
    "subscriptions": [
      {
        "lob": "WS",
        "subscriptionDetails": {
          "product": {
            "bundle": false
          },
          "subscriptionId": "80305645",
          "contact": {
            "postalAddress": {}
          }
        },
        "nodeResource": "958450299",
        "recurringCharges": [
          {
            "chargeDetails": [
              {
                "chargeCode": "DBT",
                "amount": 110.00,
                "usageVolume": 0.00,
                "name": " ",
                "description": "Plan Vuela S/110 C (16Sep al 15Oct)"
              },
              {
                "chargeCode": "DBT",
                "amount": 110.00,
                "usageVolume": 0.00,
                "name": " ",
                "description": "Plan Vuela S/110 C (16Oct al 15Nov)"
              },
              {
                "chargeCode": "DBT",
                "amount": 110.00,
                "usageVolume": 0.00,
                "name": " ",
                "description": "Plan Vuela S/110 C (16Nov al 15Dic)"
              }
            ]
          }
        ],
        "taxes": [
          {
            "chargeCode": "IGV",
            "amount": 16.78,
            "name": " ",
            "description": "Impuesto General a las Ventas 18.00%"
          },
          {
            "chargeCode": "IGV",
            "amount": 16.78,
            "name": " ",
            "description": "Impuesto General a las Ventas 18.00%"
          },
          {
            "chargeCode": "IGV",
            "amount": 16.78,
            "name": " ",
            "description": "Impuesto General a las Ventas 18.00%"
          }
        ],
        "totalAdjustmentsAmount": 0.00,
        "totalCreditAmount": 0.00,
        "totalDiscountAmount": 0.00,
        "totalRecurringChargeAmount": 110.00,
        "totalTaxAmount": 16.78,
        "subscriptionTotalAmount": 110.00,
        "currency": "PEN"
      }
    ],
    "billingArrangement": {
      "totalAdjustmentsAmount": 0.00,
      "totalCreditAmount": 0.00,
      "totalDiscountAmount": 0.00,
      "totalTaxAmount": 73.00,
      "currency": "PEN"
    }
  }
}
